filename,class,duration_seconds,fps,width,height,source_url,download_date,status,reason
ankle_0001.mp4,ankle,98.87,24.53,640.0,360.0,https://www.youtube.com/watch?v=FTndfEe-Yak,2026-07-15T15:46:20.925206,accept,Accepted without filtering (fast mode)
ankle_0002.mp4,ankle,14.2,25.0,640.0,360.0,https://www.youtube.com/watch?v=fpjIrC4ig4A,2026-07-15T15:46:20.937186,accept,Accepted without filtering (fast mode)
ankle_0003.mp4,ankle,28.36,25.0,640.0,360.0,https://www.youtube.com/watch?v=Ck3I82N5Gag,2026-07-15T15:46:20.950537,accept,Accepted without filtering (fast mode)
ankle_0004.mp4,ankle,29.6,29.97,640.0,360.0,https://www.youtube.com/watch?v=vHMJ0zgrsFU,2026-07-15T15:46:20.970933,accept,Accepted without filtering (fast mode)
ankle_0005.mp4,ankle,19.56,25.0,640.0,360.0,https://www.youtube.com/watch?v=v_zjz5mOvuY,2026-07-15T15:46:20.989099,accept,Accepted without filtering (fast mode)
ankle_0006.mp4,ankle,79.65,29.97,640.0,360.0,https://www.youtube.com/watch?v=6-TClsnrCB8,2026-07-15T15:46:21.006826,accept,Accepted without filtering (fast mode)
ankle_0007.mp4,ankle,112.88,29.97,640.0,360.0,https://www.youtube.com/watch?v=z6PgwbzgB90,2026-07-15T15:46:21.030569,accept,Accepted without filtering (fast mode)
ankle_0008.mp4,ankle,41.68,25.0,640.0,360.0,https://www.youtube.com/watch?v=1NA0N8F0Nds,2026-07-15T15:46:44.946127,accept,Accepted without filtering (fast mode)
ankle_0009.mp4,ankle,69.36,25.0,640.0,360.0,https://www.youtube.com/watch?v=eJOwsFeLdik,2026-07-15T15:46:44.969953,accept,Accepted without filtering (fast mode)
ankle_0010.mp4,ankle,114.15,29.97,640.0,360.0,https://www.youtube.com/watch?v=xCNDoPN5tak,2026-07-15T15:46:45.012242,accept,Accepted without filtering (fast mode)
ankle_0011.mp4,ankle,113.7,30.0,640.0,360.0,https://www.youtube.com/watch?v=TB2aNHD_olY,2026-07-15T15:46:45.034063,accept,Accepted without filtering (fast mode)
ankle_0012.mp4,ankle,22.61,23.98,640.0,360.0,https://www.youtube.com/watch?v=KxfFzSOAT7g,2026-07-15T15:46:45.061182,accept,Accepted without filtering (fast mode)
ankle_0013.mp4,ankle,94.24,25.0,640.0,360.0,https://www.youtube.com/watch?v=rqiqjaxyIJw,2026-07-15T15:46:45.098370,accept,Accepted without filtering (fast mode)
ankle_0014.mp4,ankle,8.24,25.0,640.0,360.0,https://www.youtube.com/watch?v=0_DSR8_Uz5c,2026-07-15T15:46:45.112735,accept,Accepted without filtering (fast mode)
ankle_0015.mp4,ankle,43.9,30.0,640.0,360.0,https://www.youtube.com/watch?v=ILSbK8RnGdI,2026-07-15T15:46:48.781883,accept,Accepted without filtering (fast mode)
ankle_0016.mp4,ankle,102.23,23.98,640.0,360.0,https://www.youtube.com/watch?v=WWVZyqZLOJY,2026-07-15T15:47:08.055042,accept,Accepted without filtering (fast mode)
ankle_0017.mp4,ankle,26.73,30.0,636.0,360.0,https://www.youtube.com/watch?v=D6pK_N_jZpQ,2026-07-15T15:47:08.119032,accept,Accepted without filtering (fast mode)
ankle_0018.mp4,ankle,26.76,25.0,640.0,360.0,https://www.youtube.com/watch?v=QFgPY6oJWcA,2026-07-15T15:47:08.147115,accept,Accepted without filtering (fast mode)
ankle_0019.mp4,ankle,101.94,23.98,640.0,360.0,https://www.youtube.com/watch?v=c2Di3y6LfmE,2026-07-15T15:47:15.839546,accept,Accepted without filtering (fast mode)
calf_0001.mp4,calf,23.06,23.98,640.0,360.0,https://www.youtube.com/watch?v=mafo7o7OnFo,2026-07-15T15:47:53.185391,accept,Accepted without filtering (fast mode)
calf_0002.mp4,calf,110.67,30.0,640.0,360.0,https://www.youtube.com/watch?v=jm1nEhCi4II,2026-07-15T15:47:53.217391,accept,Accepted without filtering (fast mode)
calf_0003.mp4,calf,45.32,28.55,640.0,360.0,https://www.youtube.com/watch?v=f87FUUwF64c,2026-07-15T15:47:53.237352,accept,Accepted without filtering (fast mode)
calf_0004.mp4,calf,63.73,29.97,640.0,360.0,https://www.youtube.com/watch?v=PYwXfuxA4lI,2026-07-15T15:47:53.254731,accept,Accepted without filtering (fast mode)
calf_0005.mp4,calf,38.84,29.97,640.0,360.0,https://www.youtube.com/watch?v=aZh9tCFh46o,2026-07-15T15:47:53.296331,accept,Accepted without filtering (fast mode)
calf_0006.mp4,calf,53.76,23.98,640.0,360.0,https://www.youtube.com/watch?v=Kt9wkCOv5RY,2026-07-15T15:47:53.314357,accept,Accepted without filtering (fast mode)
calf_0007.mp4,calf,78.3,30.0,640.0,360.0,https://www.youtube.com/watch?v=sJGKkP3F8Dg,2026-07-15T15:47:53.340444,accept,Accepted without filtering (fast mode)
calf_0008.mp4,calf,43.8,25.0,640.0,360.0,https://www.youtube.com/watch?v=JydX2WK2kOI,2026-07-15T15:47:53.360200,accept,Accepted without filtering (fast mode)
calf_0009.mp4,calf,114.95,23.98,640.0,360.0,https://www.youtube.com/watch?v=mpo0f0xsgPU,2026-07-15T15:47:53.376245,accept,Accepted without filtering (fast mode)
calf_0010.mp4,calf,30.11,23.98,640.0,360.0,https://www.youtube.com/watch?v=qPd73snQfUs,2026-07-15T15:47:53.388206,accept,Accepted without filtering (fast mode)
calf_0011.mp4,calf,44.32,25.0,640.0,360.0,https://www.youtube.com/watch?v=xswAMRKsWVk,2026-07-15T15:47:53.402565,accept,Accepted without filtering (fast mode)
calf_0012.mp4,calf,61.37,30.0,640.0,360.0,https://www.youtube.com/watch?v=BxfKOyI8sUg,2026-07-15T15:47:53.425434,accept,Accepted without filtering (fast mode)
calf_0013.mp4,calf,93.2,30.0,640.0,360.0,https://www.youtube.com/watch?v=C7qnbmpLNGI,2026-07-15T15:47:53.442541,accept,Accepted without filtering (fast mode)
calf_0014.mp4,calf,71.2,30.0,640.0,360.0,https://www.youtube.com/watch?v=usQDLsgsMx4,2026-07-15T15:48:23.578171,accept,Accepted without filtering (fast mode)
calf_0015.mp4,calf,11.6,29.56,640.0,360.0,https://www.youtube.com/watch?v=Km0QS46bTEA,2026-07-15T15:48:23.608917,accept,Accepted without filtering (fast mode)
calf_0016.mp4,calf,77.4,30.0,640.0,360.0,https://www.youtube.com/watch?v=kVnp2-YH3k4,2026-07-15T15:48:23.635252,accept,Accepted without filtering (fast mode)
calf_0017.mp4,calf,60.24,25.0,360.0,640.0,https://www.youtube.com/watch?v=-vaYxummkzY,2026-07-15T15:48:23.656898,accept,Accepted without filtering (fast mode)
calf_0018.mp4,calf,36.77,29.97,640.0,360.0,https://www.youtube.com/watch?v=bTUioZWQ5S0,2026-07-15T15:48:23.688850,accept,Accepted without filtering (fast mode)
calf_0019.mp4,calf,42.97,30.0,640.0,360.0,https://www.youtube.com/watch?v=oGm1lKBowvE,2026-07-15T15:48:36.579610,accept,Accepted without filtering (fast mode)
calf_0020.mp4,calf,107.17,30.0,640.0,360.0,https://www.youtube.com/watch?v=PZqW_9Jv1rk,2026-07-15T15:48:36.608089,accept,Accepted without filtering (fast mode)
calf_0021.mp4,calf,31.36,29.97,640.0,360.0,https://www.youtube.com/watch?v=sSlhNjYn218,2026-07-15T15:48:36.626598,accept,Accepted without filtering (fast mode)
hamstring_0001.mp4,hamstring,37.24,29.97,640.0,360.0,https://www.youtube.com/watch?v=688epYF7WM0,2026-07-15T15:48:53.304707,accept,Accepted without filtering (fast mode)
hamstring_0002.mp4,hamstring,33.6,30.0,640.0,360.0,https://www.youtube.com/watch?v=qj_j-AlmSmc,2026-07-15T15:48:53.327259,accept,Accepted without filtering (fast mode)
hamstring_0003.mp4,hamstring,32.88,25.0,640.0,360.0,https://www.youtube.com/watch?v=9EhHFemc8WQ,2026-07-15T15:48:53.340404,accept,Accepted without filtering (fast mode)
hamstring_0004.mp4,hamstring,93.13,23.98,640.0,360.0,https://www.youtube.com/watch?v=ibp8k6O7j0c,2026-07-15T15:48:53.360934,accept,Accepted without filtering (fast mode)
hamstring_0005.mp4,hamstring,86.15,29.97,640.0,360.0,https://www.youtube.com/watch?v=tmCVtFyQNsU,2026-07-15T15:48:53.387696,accept,Accepted without filtering (fast mode)
hamstring_0006.mp4,hamstring,110.31,29.97,640.0,360.0,https://www.youtube.com/watch?v=Q65VQg5zt0Q,2026-07-15T15:48:53.416052,accept,Accepted without filtering (fast mode)
hamstring_0007.mp4,hamstring,24.92,29.97,480.0,360.0,https://www.youtube.com/watch?v=4qwqEHFIjzc,2026-07-15T15:49:22.967226,accept,Accepted without filtering (fast mode)
hamstring_0008.mp4,hamstring,20.18,29.89,640.0,360.0,https://www.youtube.com/watch?v=CJ67j5dy1Lg,2026-07-15T15:49:23.004844,accept,Accepted without filtering (fast mode)
hamstring_0009.mp4,hamstring,15.3,30.0,640.0,360.0,https://www.youtube.com/watch?v=dgerF9P-m7M,2026-07-15T15:49:23.025458,accept,Accepted without filtering (fast mode)
hamstring_0010.mp4,hamstring,93.19,29.97,640.0,360.0,https://www.youtube.com/watch?v=RXFdi33nUAY,2026-07-15T15:49:23.041487,accept,Accepted without filtering (fast mode)
hamstring_0011.mp4,hamstring,82.55,29.97,640.0,360.0,https://www.youtube.com/watch?v=WPOlEfZjI74,2026-07-15T15:49:23.090594,accept,Accepted without filtering (fast mode)
hamstring_0012.mp4,hamstring,23.52,29.97,640.0,360.0,https://www.youtube.com/watch?v=DYzNacVSMaU,2026-07-15T15:49:23.103239,accept,Accepted without filtering (fast mode)
hamstring_0013.mp4,hamstring,37.16,25.0,640.0,360.0,https://www.youtube.com/watch?v=T_l0AyZywjU,2026-07-15T15:49:27.373219,accept,Accepted without filtering (fast mode)
heel_slide_0001.mp4,heel_slide,43.18,29.97,568.0,320.0,https://www.youtube.com/watch?v=C0Cv2GrOGzY,2026-07-15T15:51:59.526644,accept,Accepted without filtering (fast mode)
heel_slide_0002.mp4,heel_slide,43.81,29.97,640.0,360.0,https://www.youtube.com/watch?v=aKDPHiVAIb8,2026-07-15T15:51:59.547742,accept,Accepted without filtering (fast mode)
heel_slide_0003.mp4,heel_slide,33.53,30.0,640.0,360.0,https://www.youtube.com/watch?v=AwW2R2Dtmcw,2026-07-15T15:51:59.581520,accept,Accepted without filtering (fast mode)
heel_slide_0004.mp4,heel_slide,53.5,30.0,640.0,360.0,https://www.youtube.com/watch?v=JwMdH5bwcKc,2026-07-15T15:51:59.619648,accept,Accepted without filtering (fast mode)
heel_slide_0005.mp4,heel_slide,34.08,23.98,640.0,360.0,https://www.youtube.com/watch?v=Bz0wSFRjH2c,2026-07-15T15:51:59.642244,accept,Accepted without filtering (fast mode)
heel_slide_0006.mp4,heel_slide,35.57,30.0,640.0,360.0,https://www.youtube.com/watch?v=F6LflnesbXU,2026-07-15T15:51:59.658818,accept,Accepted without filtering (fast mode)
heel_slide_0007.mp4,heel_slide,76.24,29.97,640.0,360.0,https://www.youtube.com/watch?v=zognG1Ytmwk,2026-07-15T15:51:59.673330,accept,Accepted without filtering (fast mode)
heel_slide_0008.mp4,heel_slide,50.12,25.0,640.0,360.0,https://www.youtube.com/watch?v=DGC2pYenZOM,2026-07-15T15:51:59.693064,accept,Accepted without filtering (fast mode)
heel_slide_0009.mp4,heel_slide,99.7,30.0,640.0,360.0,https://www.youtube.com/watch?v=ZtCP0_eUggk,2026-07-15T15:51:59.730162,accept,Accepted without filtering (fast mode)
heel_slide_0010.mp4,heel_slide,61.27,29.31,640.0,360.0,https://www.youtube.com/watch?v=2UyaqHsuX14,2026-07-15T15:51:59.761761,accept,Accepted without filtering (fast mode)
heel_slide_0011.mp4,heel_slide,15.02,29.97,640.0,360.0,https://www.youtube.com/watch?v=g-BVnc8mE9Y,2026-07-15T15:51:59.784734,accept,Accepted without filtering (fast mode)
heel_slide_0012.mp4,heel_slide,50.68,29.97,640.0,360.0,https://www.youtube.com/watch?v=Ay9bdStpHdw,2026-07-15T15:51:59.808952,accept,Accepted without filtering (fast mode)
heel_slide_0013.mp4,heel_slide,89.28,25.0,640.0,360.0,https://www.youtube.com/watch?v=rb7laZfdAvQ,2026-07-15T15:51:59.831349,accept,Accepted without filtering (fast mode)
heel_slide_0014.mp4,heel_slide,53.08,25.0,640.0,360.0,https://www.youtube.com/watch?v=LZHMVRRgqxA,2026-07-15T15:51:59.852311,accept,Accepted without filtering (fast mode)
heel_slide_0015.mp4,heel_slide,57.79,29.97,640.0,360.0,https://www.youtube.com/watch?v=6m1xAZgqd-A,2026-07-15T15:51:59.869841,accept,Accepted without filtering (fast mode)
heel_slide_0016.mp4,heel_slide,96.93,30.0,640.0,360.0,https://www.youtube.com/watch?v=GhHXz7_TMVI,2026-07-15T15:51:59.909535,accept,Accepted without filtering (fast mode)
heel_slide_0017.mp4,heel_slide,24.06,29.97,640.0,360.0,https://www.youtube.com/watch?v=I31fUP7EcPo,2026-07-15T15:51:59.922686,accept,Accepted without filtering (fast mode)
heel_slide_0018.mp4,heel_slide,14.52,25.0,640.0,360.0,https://www.youtube.com/watch?v=yxmPWykyov4,2026-07-15T15:51:59.939989,accept,Accepted without filtering (fast mode)
heel_slide_0019.mp4,heel_slide,47.3,30.0,640.0,360.0,https://www.youtube.com/watch?v=DQl44_SOP_M,2026-07-15T15:51:59.962552,accept,Accepted without filtering (fast mode)
heel_slide_0020.mp4,heel_slide,75.91,23.98,640.0,360.0,https://www.youtube.com/watch?v=38xz_sRgj8Q,2026-07-15T15:51:59.966256,accept,Accepted without filtering (fast mode)
heel_slide_0021.mp4,heel_slide,52.79,29.97,640.0,360.0,https://www.youtube.com/watch?v=ZtyWGE3HEgA,2026-07-15T15:51:59.981706,accept,Accepted without filtering (fast mode)
heel_slide_0022.mp4,heel_slide,65.48,25.0,640.0,360.0,https://www.youtube.com/watch?v=dPf8_MgS1aI,2026-07-15T15:51:59.998621,accept,Accepted without filtering (fast mode)
heel_slide_0023.mp4,heel_slide,31.5,29.97,640.0,360.0,https://www.youtube.com/watch?v=XZb8CZWW6ks,2026-07-15T15:52:00.036410,accept,Accepted without filtering (fast mode)
heel_slide_0024.mp4,heel_slide,105.64,29.97,640.0,352.0,https://www.youtube.com/watch?v=aBpPJhNZ6o0,2026-07-15T15:52:00.060648,accept,Accepted without filtering (fast mode)
heel_slide_0025.mp4,heel_slide,50.13,23.98,640.0,360.0,https://www.youtube.com/watch?v=rAMPY8lAbfY,2026-07-15T15:52:00.081662,accept,Accepted without filtering (fast mode)
heel_slide_0026.mp4,heel_slide,29.87,30.0,640.0,360.0,https://www.youtube.com/watch?v=svGBKDH5CVo,2026-07-15T15:52:00.112075,accept,Accepted without filtering (fast mode)
heel_slide_0027.mp4,heel_slide,25.83,30.0,490.0,360.0,https://www.youtube.com/watch?v=HJSAMKO0K6A,2026-07-15T15:52:00.132007,accept,Accepted without filtering (fast mode)
heel_slide_0028.mp4,heel_slide,12.48,25.0,640.0,360.0,https://www.youtube.com/watch?v=RZ4NyzjS1dg,2026-07-15T15:52:00.146409,accept,Accepted without filtering (fast mode)
heel_slide_0029.mp4,heel_slide,43.42,24.0,640.0,360.0,https://www.youtube.com/watch?v=qS71ZbSHzQw,2026-07-15T15:52:00.171133,accept,Accepted without filtering (fast mode)
heel_slide_0030.mp4,heel_slide,22.33,30.0,640.0,360.0,https://www.youtube.com/watch?v=cJq8Xdfx3hc,2026-07-15T15:52:00.194924,accept,Accepted without filtering (fast mode)
heel_slide_0031.mp4,heel_slide,52.5,30.0,320.0,240.0,https://www.youtube.com/watch?v=3q0Bjr7zLC4,2026-07-15T15:52:00.207745,accept,Accepted without filtering (fast mode)
heel_slide_0032.mp4,heel_slide,58.93,29.97,640.0,360.0,https://www.youtube.com/watch?v=6-anByqnKp8,2026-07-15T15:52:00.221668,accept,Accepted without filtering (fast mode)
heel_slide_0033.mp4,heel_slide,54.3,30.0,640.0,360.0,https://www.youtube.com/watch?v=GgxYdA1XU0M,2026-07-15T15:52:00.236940,accept,Accepted without filtering (fast mode)
heel_slide_0034.mp4,heel_slide,98.01,23.98,640.0,360.0,https://www.youtube.com/watch?v=A7fcobCVppc,2026-07-15T15:52:00.255640,accept,Accepted without filtering (fast mode)
heel_slide_0035.mp4,heel_slide,17.32,25.0,640.0,360.0,https://www.youtube.com/watch?v=8uExtPIZibA,2026-07-15T15:52:00.271431,accept,Accepted without filtering (fast mode)
heel_slide_0036.mp4,heel_slide,97.4,30.0,640.0,360.0,https://www.youtube.com/watch?v=llkFZKfwf7c,2026-07-15T15:52:00.303007,accept,Accepted without filtering (fast mode)
heel_slide_0037.mp4,heel_slide,62.65,23.98,640.0,360.0,https://www.youtube.com/watch?v=Awtwxl3xd0U,2026-07-15T15:52:00.319550,accept,Accepted without filtering (fast mode)
heel_slide_0038.mp4,heel_slide,37.5,23.98,640.0,360.0,https://www.youtube.com/watch?v=Kd2GqyeM0mU,2026-07-15T15:52:00.333168,accept,Accepted without filtering (fast mode)
heel_slide_0039.mp4,heel_slide,39.21,29.97,540.0,360.0,https://www.youtube.com/watch?v=rCSeyo_gatQ,2026-07-15T15:52:00.350037,accept,Accepted without filtering (fast mode)
heel_slide_0040.mp4,heel_slide,16.18,29.97,640.0,360.0,https://www.youtube.com/watch?v=BL68tDXi430,2026-07-15T15:52:00.374177,accept,Accepted without filtering (fast mode)
heel_slide_0041.mp4,heel_slide,73.3,30.0,640.0,360.0,https://www.youtube.com/watch?v=ygIe9rkv6MM,2026-07-15T15:52:00.398279,accept,Accepted without filtering (fast mode)
heel_slide_0042.mp4,heel_slide,79.61,29.97,640.0,360.0,https://www.youtube.com/watch?v=NOoHc1wGNo4,2026-07-15T15:52:00.427130,accept,Accepted without filtering (fast mode)
heel_slide_0043.mp4,heel_slide,21.7,30.0,640.0,360.0,https://www.youtube.com/watch?v=wkVFMS-x_Aw,2026-07-15T15:52:00.443591,accept,Accepted without filtering (fast mode)
heel_slide_0044.mp4,heel_slide,37.77,29.97,640.0,360.0,https://www.youtube.com/watch?v=RSv7E5AJMCg,2026-07-15T15:52:00.459287,accept,Accepted without filtering (fast mode)
heel_slide_0045.mp4,heel_slide,105.27,30.0,640.0,360.0,https://www.youtube.com/watch?v=W3_BUipgYU4,2026-07-15T15:52:00.497259,accept,Accepted without filtering (fast mode)
heel_slide_0046.mp4,heel_slide,40.84,29.97,640.0,360.0,https://www.youtube.com/watch?v=y4SjF-3S9GY,2026-07-15T15:52:00.530628,accept,Accepted without filtering (fast mode)
heel_slide_0047.mp4,heel_slide,29.93,29.97,640.0,360.0,https://www.youtube.com/watch?v=TmIsk_X5pS4,2026-07-15T15:52:00.555482,accept,Accepted without filtering (fast mode)
heel_slide_0048.mp4,heel_slide,36.3,29.97,640.0,360.0,https://www.youtube.com/watch?v=lab6d_vBRjU,2026-07-15T15:52:00.570653,accept,Accepted without filtering (fast mode)
heel_slide_0049.mp4,heel_slide,35.64,29.97,640.0,360.0,https://www.youtube.com/watch?v=aQqgl-g6TiQ,2026-07-15T15:52:00.588070,accept,Accepted without filtering (fast mode)
hip_0001.mp4,hip,32.52,25.0,640.0,360.0,https://www.youtube.com/watch?v=Xp33YgPZgns,2026-07-15T15:52:05.093503,accept,Accepted without filtering (fast mode)
hip_0002.mp4,hip,29.6,29.97,640.0,360.0,https://www.youtube.com/watch?v=qJjQLExAtD4,2026-07-15T15:52:15.871118,accept,Accepted without filtering (fast mode)
hip_0003.mp4,hip,13.28,29.97,640.0,360.0,https://www.youtube.com/watch?v=wfhXnLILqdk,2026-07-15T15:52:15.888348,accept,Accepted without filtering (fast mode)
hip_0004.mp4,hip,116.83,23.98,640.0,360.0,https://www.youtube.com/watch?v=K9qytmsQVu0,2026-07-15T15:52:15.923204,accept,Accepted without filtering (fast mode)
hip_0005.mp4,hip,25.19,29.97,640.0,360.0,https://www.youtube.com/watch?v=u0AJnVg0tcc,2026-07-15T15:52:15.936499,accept,Accepted without filtering (fast mode)
hip_0006.mp4,hip,60.64,25.0,640.0,360.0,https://www.youtube.com/watch?v=t4Zz6-aG8Iw,2026-07-15T15:52:21.970941,accept,Accepted without filtering (fast mode)
hip_0007.mp4,hip,119.88,25.0,640.0,360.0,https://www.youtube.com/watch?v=lsdMydzOvRc,2026-07-15T15:52:21.992542,accept,Accepted without filtering (fast mode)
hip_0008.mp4,hip,115.8,25.0,640.0,360.0,https://www.youtube.com/watch?v=Xg2s8cBVQIA,2026-07-15T15:52:28.068019,accept,Accepted without filtering (fast mode)
knee_0001.mp4,knee,119.64,25.0,640.0,360.0,https://www.youtube.com/watch?v=XEHpYEVw3b0,2026-07-15T15:52:35.268204,accept,Accepted without filtering (fast mode)
knee_0002.mp4,knee,105.67,30.0,640.0,360.0,https://www.youtube.com/watch?v=8qhXhOiFuIg,2026-07-15T15:52:55.095078,accept,Accepted without filtering (fast mode)
knee_0003.mp4,knee,73.0,25.0,640.0,360.0,https://www.youtube.com/watch?v=iLRKbSesWA8,2026-07-15T15:52:55.152484,accept,Accepted without filtering (fast mode)
knee_0004.mp4,knee,9.61,29.97,640.0,360.0,https://www.youtube.com/watch?v=yVy4L0CGbyQ,2026-07-15T15:52:55.176764,accept,Accepted without filtering (fast mode)
knee_0005.mp4,knee,9.98,29.97,640.0,360.0,https://www.youtube.com/watch?v=v6_GqeEH_F0,2026-07-15T15:52:55.202424,accept,Accepted without filtering (fast mode)
knee_0006.mp4,knee,116.32,29.97,640.0,360.0,https://www.youtube.com/watch?v=EhZSS2qYrJ4,2026-07-15T15:53:18.535146,accept,Accepted without filtering (fast mode)
knee_0007.mp4,knee,38.34,29.97,640.0,360.0,https://www.youtube.com/watch?v=JL-2laWJIHY,2026-07-15T15:53:18.559202,accept,Accepted without filtering (fast mode)
knee_0008.mp4,knee,35.2,29.97,640.0,360.0,https://www.youtube.com/watch?v=nO81xJN9RhI,2026-07-15T15:53:18.579065,accept,Accepted without filtering (fast mode)
leg_raise_0001.mp4,leg_raise,90.26,29.97,640.0,360.0,https://www.youtube.com/watch?v=g_W6k-6QgKk,2026-07-15T15:55:33.196213,accept,Accepted without filtering (fast mode)
leg_raise_0002.mp4,leg_raise,44.9,30.0,640.0,360.0,https://www.youtube.com/watch?v=JMsqY_UegbM,2026-07-15T15:55:33.213404,accept,Accepted without filtering (fast mode)
leg_raise_0003.mp4,leg_raise,41.96,25.0,640.0,360.0,https://www.youtube.com/watch?v=d8BITjLpD1o,2026-07-15T15:55:33.229239,accept,Accepted without filtering (fast mode)
leg_raise_0004.mp4,leg_raise,26.4,23.98,640.0,360.0,https://www.youtube.com/watch?v=qvi8aM02_GY,2026-07-15T15:55:33.252292,accept,Accepted without filtering (fast mode)
leg_raise_0005.mp4,leg_raise,74.11,29.97,640.0,360.0,https://www.youtube.com/watch?v=rkyBajBb1Ho,2026-07-15T15:55:33.273035,accept,Accepted without filtering (fast mode)
leg_raise_0006.mp4,leg_raise,53.29,29.97,640.0,360.0,https://www.youtube.com/watch?v=4rFn8Z6iDRY,2026-07-15T15:55:33.296150,accept,Accepted without filtering (fast mode)
leg_raise_0007.mp4,leg_raise,39.74,29.97,640.0,360.0,https://www.youtube.com/watch?v=_JA4E_dKuis,2026-07-15T15:55:33.314762,accept,Accepted without filtering (fast mode)
leg_raise_0008.mp4,leg_raise,28.71,29.95,640.0,360.0,https://www.youtube.com/watch?v=pirQvF0_-Bc,2026-07-15T15:55:33.341032,accept,Accepted without filtering (fast mode)
leg_raise_0009.mp4,leg_raise,110.84,29.97,640.0,360.0,https://www.youtube.com/watch?v=Z41x4m82Pc8,2026-07-15T15:55:33.361033,accept,Accepted without filtering (fast mode)
leg_raise_0010.mp4,leg_raise,77.08,29.97,640.0,356.0,https://www.youtube.com/watch?v=zoGyXn6mk7E,2026-07-15T15:55:33.381644,accept,Accepted without filtering (fast mode)
leg_raise_0011.mp4,leg_raise,47.88,23.98,640.0,360.0,https://www.youtube.com/watch?v=O6bVydlEigY,2026-07-15T15:55:33.395854,accept,Accepted without filtering (fast mode)
leg_raise_0012.mp4,leg_raise,108.61,29.97,640.0,360.0,https://www.youtube.com/watch?v=-52pJTfTRoE,2026-07-15T15:55:33.415198,accept,Accepted without filtering (fast mode)
leg_raise_0013.mp4,leg_raise,59.59,29.97,640.0,360.0,https://www.youtube.com/watch?v=PCDxgsX_LFs,2026-07-15T15:55:33.434051,accept,Accepted without filtering (fast mode)
leg_raise_0014.mp4,leg_raise,72.14,29.97,640.0,360.0,https://www.youtube.com/watch?v=WhgjSqLyZD4,2026-07-15T15:55:33.453717,accept,Accepted without filtering (fast mode)
leg_raise_0015.mp4,leg_raise,112.74,23.98,640.0,360.0,https://www.youtube.com/watch?v=gobteD5GWkE,2026-07-15T15:55:33.464265,accept,Accepted without filtering (fast mode)
leg_raise_0016.mp4,leg_raise,83.29,23.98,640.0,360.0,https://www.youtube.com/watch?v=qwcXPFqtvDI,2026-07-15T15:55:33.484939,accept,Accepted without filtering (fast mode)
leg_raise_0017.mp4,leg_raise,101.67,29.97,640.0,360.0,https://www.youtube.com/watch?v=o8jh88r2ce4,2026-07-15T15:55:33.520827,accept,Accepted without filtering (fast mode)
leg_raise_0018.mp4,leg_raise,41.57,29.97,640.0,360.0,https://www.youtube.com/watch?v=U4L_6JEv9Jg,2026-07-15T15:55:33.533761,accept,Accepted without filtering (fast mode)
leg_raise_0019.mp4,leg_raise,77.84,29.97,640.0,360.0,https://www.youtube.com/watch?v=zo2pqw794B0,2026-07-15T15:55:33.564821,accept,Accepted without filtering (fast mode)
leg_raise_0020.mp4,leg_raise,57.46,29.97,640.0,360.0,https://www.youtube.com/watch?v=cGFxZYXs23s,2026-07-15T15:55:33.582276,accept,Accepted without filtering (fast mode)
leg_raise_0021.mp4,leg_raise,15.18,23.98,640.0,360.0,https://www.youtube.com/watch?v=O-m_M9-qlIY,2026-07-15T15:55:33.606083,accept,Accepted without filtering (fast mode)
leg_raise_0022.mp4,leg_raise,44.79,23.98,640.0,360.0,https://www.youtube.com/watch?v=tJMGfLH4KQg,2026-07-15T15:55:33.618767,accept,Accepted without filtering (fast mode)
leg_raise_0023.mp4,leg_raise,48.08,29.97,640.0,360.0,https://www.youtube.com/watch?v=wAIe4UuhBLw,2026-07-15T15:55:33.635586,accept,Accepted without filtering (fast mode)
leg_raise_0024.mp4,leg_raise,68.97,30.0,640.0,360.0,https://www.youtube.com/watch?v=qMYe5t4hNiw,2026-07-15T15:55:33.654880,accept,Accepted without filtering (fast mode)
leg_raise_0025.mp4,leg_raise,43.5,30.0,568.0,320.0,https://www.youtube.com/watch?v=1QTTBXApDGY,2026-07-15T15:55:33.675673,accept,Accepted without filtering (fast mode)
leg_raise_0026.mp4,leg_raise,38.4,25.0,640.0,360.0,https://www.youtube.com/watch?v=EjEbzd_7OnY,2026-07-15T15:55:33.691729,accept,Accepted without filtering (fast mode)
leg_raise_0027.mp4,leg_raise,36.29,23.98,640.0,360.0,https://www.youtube.com/watch?v=Ka19yzAlIGY,2026-07-15T15:55:33.719137,accept,Accepted without filtering (fast mode)
leg_raise_0028.mp4,leg_raise,27.86,29.97,640.0,360.0,https://www.youtube.com/watch?v=gH-CJTv7TyQ,2026-07-15T15:55:33.734497,accept,Accepted without filtering (fast mode)
leg_raise_0029.mp4,leg_raise,12.68,29.97,640.0,360.0,https://www.youtube.com/watch?v=iw05qf7jDc0,2026-07-15T15:55:33.745009,accept,Accepted without filtering (fast mode)
leg_raise_0030.mp4,leg_raise,51.52,29.97,640.0,360.0,https://www.youtube.com/watch?v=ZiBZsFKDkUo,2026-07-15T15:55:33.762838,accept,Accepted without filtering (fast mode)
leg_raise_0031.mp4,leg_raise,21.67,30.0,640.0,360.0,https://www.youtube.com/watch?v=2y1ai6q-Fvw,2026-07-15T15:55:33.778333,accept,Accepted without filtering (fast mode)
leg_raise_0032.mp4,leg_raise,118.91,23.98,640.0,360.0,https://www.youtube.com/watch?v=izV5th7AQHM,2026-07-15T15:55:33.800636,accept,Accepted without filtering (fast mode)
leg_raise_0033.mp4,leg_raise,16.8,25.0,640.0,360.0,https://www.youtube.com/watch?v=cngmwRRKKdk,2026-07-15T15:55:33.813342,accept,Accepted without filtering (fast mode)
leg_raise_0034.mp4,leg_raise,71.67,30.0,480.0,360.0,https://www.youtube.com/watch?v=d0pEetxHC6A,2026-07-15T15:55:33.836383,accept,Accepted without filtering (fast mode)
leg_raise_0035.mp4,leg_raise,14.56,25.0,250.0,200.0,https://www.youtube.com/watch?v=JQD3rsb-quc,2026-07-15T15:55:33.846893,accept,Accepted without filtering (fast mode)
leg_raise_0036.mp4,leg_raise,74.14,29.97,640.0,360.0,https://www.youtube.com/watch?v=aDPCxEXR_9Q,2026-07-15T15:55:33.864968,accept,Accepted without filtering (fast mode)
leg_raise_0037.mp4,leg_raise,29.96,29.97,640.0,360.0,https://www.youtube.com/watch?v=mZ6ERQjCL6k,2026-07-15T15:55:33.882888,accept,Accepted without filtering (fast mode)
leg_raise_0038.mp4,leg_raise,30.82,23.98,640.0,360.0,https://www.youtube.com/watch?v=fyw-7_ZTJXk,2026-07-15T15:56:04.495449,accept,Accepted without filtering (fast mode)
leg_raise_0039.mp4,leg_raise,57.22,29.97,640.0,360.0,https://www.youtube.com/watch?v=-8MV0sX-C_k,2026-07-15T15:56:04.573313,accept,Accepted without filtering (fast mode)
quadriceps_0001.mp4,quadriceps,46.65,29.97,640.0,360.0,https://www.youtube.com/watch?v=Wqky4QQQ23c,2026-07-15T15:57:13.461013,accept,Accepted without filtering (fast mode)
quadriceps_0002.mp4,quadriceps,47.78,29.97,640.0,360.0,https://www.youtube.com/watch?v=IF5eDfb8afM,2026-07-15T15:57:13.478174,accept,Accepted without filtering (fast mode)
quadriceps_0003.mp4,quadriceps,81.05,29.97,640.0,360.0,https://www.youtube.com/watch?v=_UAFlY20UQE,2026-07-15T15:57:13.529341,accept,Accepted without filtering (fast mode)
quadriceps_0004.mp4,quadriceps,11.63,30.0,640.0,360.0,https://www.youtube.com/watch?v=wQQmXONwxDg,2026-07-15T15:57:13.565141,accept,Accepted without filtering (fast mode)
quadriceps_0005.mp4,quadriceps,40.96,25.0,640.0,360.0,https://www.youtube.com/watch?v=MGLFUBvbymI,2026-07-15T15:57:13.618288,accept,Accepted without filtering (fast mode)
quadriceps_0006.mp4,quadriceps,57.27,30.0,640.0,360.0,https://www.youtube.com/watch?v=hfR8wZzWWXw,2026-07-15T15:57:13.652337,accept,Accepted without filtering (fast mode)
quadriceps_0007.mp4,quadriceps,119.89,29.97,640.0,360.0,https://www.youtube.com/watch?v=a3-jeDcdAEk,2026-07-15T15:57:13.695657,accept,Accepted without filtering (fast mode)
quadriceps_0008.mp4,quadriceps,33.6,30.0,640.0,360.0,https://www.youtube.com/watch?v=HscSsKwohoQ,2026-07-15T15:57:13.717519,accept,Accepted without filtering (fast mode)
quadriceps_0009.mp4,quadriceps,56.97,23.98,640.0,360.0,https://www.youtube.com/watch?v=5TUK4uT2nnw,2026-07-15T15:57:13.748197,accept,Accepted without filtering (fast mode)
quadriceps_0010.mp4,quadriceps,41.24,29.97,640.0,360.0,https://www.youtube.com/watch?v=cP8wRV4eFKo,2026-07-15T15:57:13.765696,accept,Accepted without filtering (fast mode)
quadriceps_0011.mp4,quadriceps,105.43,30.0,640.0,360.0,https://www.youtube.com/watch?v=ZVr61sYkSHo,2026-07-15T15:57:13.806236,accept,Accepted without filtering (fast mode)
quadriceps_0012.mp4,quadriceps,47.13,30.0,320.0,240.0,https://www.youtube.com/watch?v=J6JgHgVNrZ8,2026-07-15T15:57:13.816162,accept,Accepted without filtering (fast mode)
quadriceps_0013.mp4,quadriceps,90.84,23.98,640.0,360.0,https://www.youtube.com/watch?v=1GekKFQUjKQ,2026-07-15T15:57:13.834260,accept,Accepted without filtering (fast mode)
quadriceps_0014.mp4,quadriceps,88.23,30.0,640.0,360.0,https://www.youtube.com/watch?v=eQDiT1bSJP0,2026-07-15T15:57:13.860398,accept,Accepted without filtering (fast mode)
quadriceps_0015.mp4,quadriceps,74.73,15.0,540.0,360.0,https://www.youtube.com/watch?v=0UlGdT8EE0Y,2026-07-15T15:57:13.881339,accept,Accepted without filtering (fast mode)
quadriceps_0016.mp4,quadriceps,116.8,30.0,360.0,360.0,https://www.youtube.com/watch?v=Cqq6LwLaXp4,2026-07-15T15:57:13.901646,accept,Accepted without filtering (fast mode)
quadriceps_0017.mp4,quadriceps,74.17,29.97,640.0,360.0,https://www.youtube.com/watch?v=t8OcF4ADaDY,2026-07-15T15:58:01.956746,accept,Accepted without filtering (fast mode)
quadriceps_0018.mp4,quadriceps,85.62,29.97,640.0,360.0,https://www.youtube.com/watch?v=QFQZKj0vFdQ,2026-07-15T15:58:01.978958,accept,Accepted without filtering (fast mode)
quadriceps_0019.mp4,quadriceps,33.4,29.97,640.0,360.0,https://www.youtube.com/watch?v=WgovGz41JI8,2026-07-15T15:58:01.997995,accept,Accepted without filtering (fast mode)
quadriceps_0020.mp4,quadriceps,34.03,23.98,640.0,360.0,https://www.youtube.com/watch?v=au62CidApd0,2026-07-15T15:58:02.053758,accept,Accepted without filtering (fast mode)
quadriceps_0021.mp4,quadriceps,116.53,23.98,640.0,360.0,https://www.youtube.com/watch?v=k7Ot1aGjbq0,2026-07-15T15:58:02.072821,accept,Accepted without filtering (fast mode)
quadriceps_0022.mp4,quadriceps,56.68,25.0,640.0,360.0,https://www.youtube.com/watch?v=LTzYM-mu_mw,2026-07-15T15:58:02.089030,accept,Accepted without filtering (fast mode)
quadriceps_0023.mp4,quadriceps,50.8,25.0,640.0,360.0,https://www.youtube.com/watch?v=ebvdzEcpva0,2026-07-15T15:58:02.222954,accept,Accepted without filtering (fast mode)
quadriceps_0024.mp4,quadriceps,68.53,23.98,640.0,360.0,https://www.youtube.com/watch?v=l83s6t8VWsE,2026-07-15T15:58:02.245726,accept,Accepted without filtering (fast mode)
toes_0001.mp4,toes,24.22,29.97,540.0,360.0,https://www.youtube.com/watch?v=W6q_OJDCjfw,2026-07-15T15:59:36.959431,accept,Accepted without filtering (fast mode)
toes_0002.mp4,toes,10.68,29.97,640.0,360.0,https://www.youtube.com/watch?v=kcvjOSqIyWY,2026-07-15T15:59:36.987957,accept,Accepted without filtering (fast mode)
toes_0003.mp4,toes,75.61,29.97,640.0,360.0,https://www.youtube.com/watch?v=EvP28bnLp1E,2026-07-15T15:59:37.009861,accept,Accepted without filtering (fast mode)
toes_0004.mp4,toes,110.98,29.97,640.0,360.0,https://www.youtube.com/watch?v=QFgtFRrWses,2026-07-15T15:59:37.047797,accept,Accepted without filtering (fast mode)
toes_0005.mp4,toes,64.46,29.97,640.0,360.0,https://www.youtube.com/watch?v=PDdFm_ttD2c,2026-07-15T15:59:37.089490,accept,Accepted without filtering (fast mode)
toes_0006.mp4,toes,78.18,29.97,640.0,360.0,https://www.youtube.com/watch?v=Toumwj8KuL0,2026-07-15T15:59:37.126282,accept,Accepted without filtering (fast mode)
toes_0007.mp4,toes,110.24,25.0,640.0,360.0,https://www.youtube.com/watch?v=VHK778rRqyc,2026-07-15T15:59:37.168045,accept,Accepted without filtering (fast mode)
toes_0008.mp4,toes,20.49,29.97,540.0,360.0,https://www.youtube.com/watch?v=TsnWYFlk-zs,2026-07-15T15:59:37.184449,accept,Accepted without filtering (fast mode)
toes_0009.mp4,toes,74.57,29.97,640.0,360.0,https://www.youtube.com/watch?v=uxC2WCdVuPI,2026-07-15T15:59:37.237963,accept,Accepted without filtering (fast mode)
toes_0010.mp4,toes,104.27,30.0,640.0,360.0,https://www.youtube.com/watch?v=HpbUJAnkBJk,2026-07-15T15:59:37.256065,accept,Accepted without filtering (fast mode)
toes_0011.mp4,toes,100.0,29.97,640.0,360.0,https://www.youtube.com/watch?v=dVDMUuWtX00,2026-07-15T15:59:37.279978,accept,Accepted without filtering (fast mode)
toes_0012.mp4,toes,32.57,29.97,540.0,360.0,https://www.youtube.com/watch?v=wyYz4Rz-QG0,2026-07-15T15:59:37.296896,accept,Accepted without filtering (fast mode)
toes_0013.mp4,toes,37.4,29.97,640.0,358.0,https://www.youtube.com/watch?v=f1XRs5Qrha8,2026-07-15T15:59:37.311868,accept,Accepted without filtering (fast mode)
toes_0014.mp4,toes,61.46,29.97,640.0,360.0,https://www.youtube.com/watch?v=jbh9Wzt2Lfk,2026-07-15T15:59:37.327610,accept,Accepted without filtering (fast mode)
toes_0015.mp4,toes,84.82,29.97,640.0,360.0,https://www.youtube.com/watch?v=L6fy1quJDOk,2026-07-15T15:59:37.377280,accept,Accepted without filtering (fast mode)
toes_0016.mp4,toes,35.2,29.97,640.0,358.0,https://www.youtube.com/watch?v=dCTDryWp_mI,2026-07-15T15:59:37.404864,accept,Accepted without filtering (fast mode)
toes_0017.mp4,toes,89.08,25.0,640.0,360.0,https://www.youtube.com/watch?v=eRCrbUM1BWQ,2026-07-15T15:59:37.435159,accept,Accepted without filtering (fast mode)
toes_0018.mp4,toes,33.4,25.0,640.0,360.0,https://www.youtube.com/watch?v=DnPpm_VKqhI,2026-07-15T15:59:37.451437,accept,Accepted without filtering (fast mode)
toes_0019.mp4,toes,117.98,29.97,640.0,360.0,https://www.youtube.com/watch?v=V9P8uMzmJIg,2026-07-15T15:59:37.476969,accept,Accepted without filtering (fast mode)
toes_0020.mp4,toes,92.56,29.97,640.0,360.0,https://www.youtube.com/watch?v=GncdLDamLMI,2026-07-15T15:59:37.500665,accept,Accepted without filtering (fast mode)
toes_0021.mp4,toes,69.03,23.98,640.0,360.0,https://www.youtube.com/watch?v=4WNeayQ_3Sw,2026-07-15T15:59:37.520237,accept,Accepted without filtering (fast mode)
toes_0022.mp4,toes,35.57,29.97,640.0,360.0,https://www.youtube.com/watch?v=SVmZWPJyfAk,2026-07-15T15:59:37.533352,accept,Accepted without filtering (fast mode)
toes_0023.mp4,toes,44.54,29.97,640.0,360.0,https://www.youtube.com/watch?v=jguti9iZ9Jo,2026-07-15T15:59:37.553906,accept,Accepted without filtering (fast mode)
toes_0024.mp4,toes,44.54,29.97,640.0,360.0,https://www.youtube.com/watch?v=azdPlkX8_1Q,2026-07-15T16:00:30.183646,accept,Accepted without filtering (fast mode)
toes_0025.mp4,toes,62.31,23.98,640.0,360.0,https://www.youtube.com/watch?v=R1gYl2sTdWs,2026-07-15T16:00:30.205094,accept,Accepted without filtering (fast mode)
toes_0026.mp4,toes,105.6,30.0,640.0,360.0,https://www.youtube.com/watch?v=TrMCRmSaXMw,2026-07-15T16:00:30.245798,accept,Accepted without filtering (fast mode)
toes_0027.mp4,toes,39.16,23.98,640.0,360.0,https://www.youtube.com/watch?v=SbQ2RYxbppE,2026-07-15T16:00:30.293687,accept,Accepted without filtering (fast mode)
toes_0028.mp4,toes,61.3,30.0,640.0,360.0,https://www.youtube.com/watch?v=QVZpBSVV9js,2026-07-15T16:00:30.319035,accept,Accepted without filtering (fast mode)
toes_0029.mp4,toes,116.85,29.97,640.0,352.0,https://www.youtube.com/watch?v=04zZLGcrN5Y,2026-07-15T16:00:30.362206,accept,Accepted without filtering (fast mode)
toes_0030.mp4,toes,98.88,24.0,640.0,360.0,https://www.youtube.com/watch?v=vnvf_hkSUr0,2026-07-15T16:00:30.386749,accept,Accepted without filtering (fast mode)
toes_0031.mp4,toes,57.6,25.0,640.0,360.0,https://www.youtube.com/watch?v=fBK4qxJTn1k,2026-07-15T16:00:30.399980,accept,Accepted without filtering (fast mode)
toes_0032.mp4,toes,49.55,29.97,640.0,360.0,https://www.youtube.com/watch?v=95ISH9Q3X4w,2026-07-15T16:00:30.428165,accept,Accepted without filtering (fast mode)
ankle_0020.mp4,ankle,98.87,24.53,640.0,360.0,https://www.youtube.com/watch?v=FTndfEe-Yak,2026-07-15T16:35:17.062936,accept,Accepted without filtering (fast mode)
ankle_0021.mp4,ankle,14.2,25.0,640.0,360.0,https://www.youtube.com/watch?v=fpjIrC4ig4A,2026-07-15T16:35:17.075857,accept,Accepted without filtering (fast mode)
ankle_0022.mp4,ankle,28.36,25.0,640.0,360.0,https://www.youtube.com/watch?v=Ck3I82N5Gag,2026-07-15T16:35:17.090168,accept,Accepted without filtering (fast mode)
ankle_0023.mp4,ankle,41.68,25.0,640.0,360.0,https://www.youtube.com/watch?v=1NA0N8F0Nds,2026-07-15T16:35:17.109782,accept,Accepted without filtering (fast mode)
ankle_0024.mp4,ankle,29.6,29.97,640.0,360.0,https://www.youtube.com/watch?v=vHMJ0zgrsFU,2026-07-15T16:35:17.126340,accept,Accepted without filtering (fast mode)
ankle_0025.mp4,ankle,84.29,23.98,640.0,360.0,https://www.youtube.com/watch?v=zfDGpWrK_8Q,2026-07-15T16:35:17.160185,accept,Accepted without filtering (fast mode)
ankle_0026.mp4,ankle,19.56,25.0,640.0,360.0,https://www.youtube.com/watch?v=v_zjz5mOvuY,2026-07-15T16:35:17.176550,accept,Accepted without filtering (fast mode)
ankle_0027.mp4,ankle,37.4,29.97,640.0,358.0,https://www.youtube.com/watch?v=f1XRs5Qrha8,2026-07-15T16:35:17.191234,accept,Accepted without filtering (fast mode)
ankle_0028.mp4,ankle,25.44,25.0,640.0,360.0,https://www.youtube.com/watch?v=SBrHvR0BomM,2026-07-15T16:35:17.205614,accept,Accepted without filtering (fast mode)
ankle_0029.mp4,ankle,112.88,29.97,640.0,360.0,https://www.youtube.com/watch?v=z6PgwbzgB90,2026-07-15T16:35:17.228314,accept,Accepted without filtering (fast mode)
ankle_0030.mp4,ankle,69.03,23.98,640.0,360.0,https://www.youtube.com/watch?v=4WNeayQ_3Sw,2026-07-15T16:35:17.246370,accept,Accepted without filtering (fast mode)
ankle_0031.mp4,ankle,49.92,29.97,640.0,360.0,https://www.youtube.com/watch?v=sYAGbGEQMGE,2026-07-15T16:35:17.261733,accept,Accepted without filtering (fast mode)
ankle_0032.mp4,ankle,26.76,25.0,640.0,360.0,https://www.youtube.com/watch?v=QFgPY6oJWcA,2026-07-15T16:35:17.274151,accept,Accepted without filtering (fast mode)
ankle_0033.mp4,ankle,64.9,23.98,640.0,360.0,https://www.youtube.com/watch?v=JgrkX66MkmU,2026-07-15T16:35:17.294531,accept,Accepted without filtering (fast mode)
ankle_0034.mp4,ankle,79.25,29.97,640.0,360.0,https://www.youtube.com/watch?v=9m63vEEJ_ow,2026-07-15T16:35:17.322199,accept,Accepted without filtering (fast mode)
ankle_0035.mp4,ankle,22.61,23.98,640.0,360.0,https://www.youtube.com/watch?v=KxfFzSOAT7g,2026-07-15T16:35:30.415207,accept,Accepted without filtering (fast mode)
ankle_0036.mp4,ankle,94.24,25.0,640.0,360.0,https://www.youtube.com/watch?v=rqiqjaxyIJw,2026-07-15T16:35:30.453525,accept,Accepted without filtering (fast mode)
ankle_0037.mp4,ankle,8.24,25.0,640.0,360.0,https://www.youtube.com/watch?v=0_DSR8_Uz5c,2026-07-15T16:35:30.470329,accept,Accepted without filtering (fast mode)
ankle_0038.mp4,ankle,26.73,30.0,636.0,360.0,https://www.youtube.com/watch?v=D6pK_N_jZpQ,2026-07-15T16:35:40.738496,accept,Accepted without filtering (fast mode)
calf_0022.mp4,calf,23.06,23.98,640.0,360.0,https://www.youtube.com/watch?v=mafo7o7OnFo,2026-07-15T16:36:20.635568,accept,Accepted without filtering (fast mode)
calf_0023.mp4,calf,60.47,30.0,640.0,360.0,https://www.youtube.com/watch?v=Z-GUxMo-cgo,2026-07-15T16:36:20.674181,accept,Accepted without filtering (fast mode)
calf_0024.mp4,calf,110.67,30.0,640.0,360.0,https://www.youtube.com/watch?v=jm1nEhCi4II,2026-07-15T16:36:20.703094,accept,Accepted without filtering (fast mode)
calf_0025.mp4,calf,45.32,28.55,640.0,360.0,https://www.youtube.com/watch?v=f87FUUwF64c,2026-07-15T16:36:20.722448,accept,Accepted without filtering (fast mode)
calf_0026.mp4,calf,63.73,29.97,640.0,360.0,https://www.youtube.com/watch?v=PYwXfuxA4lI,2026-07-15T16:36:20.741464,accept,Accepted without filtering (fast mode)
calf_0027.mp4,calf,38.84,29.97,640.0,360.0,https://www.youtube.com/watch?v=aZh9tCFh46o,2026-07-15T16:36:20.784165,accept,Accepted without filtering (fast mode)
calf_0028.mp4,calf,53.76,23.98,640.0,360.0,https://www.youtube.com/watch?v=Kt9wkCOv5RY,2026-07-15T16:36:20.804459,accept,Accepted without filtering (fast mode)
calf_0029.mp4,calf,78.3,30.0,640.0,360.0,https://www.youtube.com/watch?v=sJGKkP3F8Dg,2026-07-15T16:36:20.830851,accept,Accepted without filtering (fast mode)
calf_0030.mp4,calf,84.53,30.0,640.0,360.0,https://www.youtube.com/watch?v=arLsa_isSOw,2026-07-15T16:36:20.861322,accept,Accepted without filtering (fast mode)
calf_0031.mp4,calf,114.95,23.98,640.0,360.0,https://www.youtube.com/watch?v=mpo0f0xsgPU,2026-07-15T16:36:20.878213,accept,Accepted without filtering (fast mode)
calf_0032.mp4,calf,78.31,29.97,640.0,360.0,https://www.youtube.com/watch?v=53AqckwzW9Y,2026-07-15T16:36:20.894877,accept,Accepted without filtering (fast mode)
calf_0033.mp4,calf,44.32,25.0,640.0,360.0,https://www.youtube.com/watch?v=xswAMRKsWVk,2026-07-15T16:36:20.909152,accept,Accepted without filtering (fast mode)
calf_0034.mp4,calf,61.37,30.0,640.0,360.0,https://www.youtube.com/watch?v=BxfKOyI8sUg,2026-07-15T16:36:20.928105,accept,Accepted without filtering (fast mode)
calf_0035.mp4,calf,58.06,29.97,640.0,360.0,https://www.youtube.com/watch?v=f_fAPIMyKyc,2026-07-15T16:36:20.944518,accept,Accepted without filtering (fast mode)
calf_0036.mp4,calf,54.01,23.98,640.0,360.0,https://www.youtube.com/watch?v=WY-b0RkOSy0,2026-07-15T16:36:52.512524,accept,Accepted without filtering (fast mode)
calf_0037.mp4,calf,48.55,23.98,640.0,360.0,https://www.youtube.com/watch?v=AZu4NBGDoos,2026-07-15T16:36:52.539171,accept,Accepted without filtering (fast mode)
calf_0038.mp4,calf,36.58,23.98,640.0,360.0,https://www.youtube.com/watch?v=pA7xyM3S7LI,2026-07-15T16:36:52.551103,accept,Accepted without filtering (fast mode)
calf_0039.mp4,calf,27.96,25.0,640.0,360.0,https://www.youtube.com/watch?v=aiaSLXtdXIA,2026-07-15T16:36:52.573150,accept,Accepted without filtering (fast mode)
calf_0040.mp4,calf,42.97,30.0,640.0,360.0,https://www.youtube.com/watch?v=oGm1lKBowvE,2026-07-15T16:36:58.281555,accept,Accepted without filtering (fast mode)
calf_0041.mp4,calf,93.2,30.0,640.0,360.0,https://www.youtube.com/watch?v=C7qnbmpLNGI,2026-07-15T16:36:58.293462,accept,Accepted without filtering (fast mode)
hamstring_0014.mp4,hamstring,119.22,29.97,640.0,360.0,https://www.youtube.com/watch?v=jVq7wFhaqyk,2026-07-15T16:37:25.198877,accept,Accepted without filtering (fast mode)
hamstring_0015.mp4,hamstring,24.92,29.97,480.0,360.0,https://www.youtube.com/watch?v=4qwqEHFIjzc,2026-07-15T16:37:25.207398,accept,Accepted without filtering (fast mode)
hamstring_0016.mp4,hamstring,37.24,29.97,640.0,360.0,https://www.youtube.com/watch?v=688epYF7WM0,2026-07-15T16:37:25.234740,accept,Accepted without filtering (fast mode)
hamstring_0017.mp4,hamstring,97.56,23.98,640.0,360.0,https://www.youtube.com/watch?v=G07nqShDejQ,2026-07-15T16:37:25.246804,accept,Accepted without filtering (fast mode)
hamstring_0018.mp4,hamstring,86.15,29.97,640.0,360.0,https://www.youtube.com/watch?v=tmCVtFyQNsU,2026-07-15T16:37:25.271551,accept,Accepted without filtering (fast mode)
hamstring_0019.mp4,hamstring,53.4,30.0,640.0,360.0,https://www.youtube.com/watch?v=qQrqR0NBZ1E,2026-07-15T16:37:25.297691,accept,Accepted without filtering (fast mode)
hamstring_0020.mp4,hamstring,59.89,29.97,640.0,360.0,https://www.youtube.com/watch?v=6KZm1eebjcc,2026-07-15T16:37:25.314235,accept,Accepted without filtering (fast mode)
hamstring_0021.mp4,hamstring,37.16,25.0,640.0,360.0,https://www.youtube.com/watch?v=T_l0AyZywjU,2026-07-15T16:37:25.322429,accept,Accepted without filtering (fast mode)
hamstring_0022.mp4,hamstring,23.52,29.97,640.0,360.0,https://www.youtube.com/watch?v=DYzNacVSMaU,2026-07-15T16:37:25.333699,accept,Accepted without filtering (fast mode)
hamstring_0023.mp4,hamstring,110.31,29.97,640.0,360.0,https://www.youtube.com/watch?v=Q65VQg5zt0Q,2026-07-15T16:37:25.360926,accept,Accepted without filtering (fast mode)
hamstring_0024.mp4,hamstring,20.18,29.89,640.0,360.0,https://www.youtube.com/watch?v=CJ67j5dy1Lg,2026-07-15T16:38:11.639123,accept,Accepted without filtering (fast mode)
hamstring_0025.mp4,hamstring,15.3,30.0,640.0,360.0,https://www.youtube.com/watch?v=dgerF9P-m7M,2026-07-15T16:38:11.659383,accept,Accepted without filtering (fast mode)
hamstring_0026.mp4,hamstring,32.88,25.0,640.0,360.0,https://www.youtube.com/watch?v=9EhHFemc8WQ,2026-07-15T16:38:11.694260,accept,Accepted without filtering (fast mode)
hamstring_0027.mp4,hamstring,108.78,29.97,640.0,360.0,https://www.youtube.com/watch?v=49lcJ5Rv-kA,2026-07-15T16:38:11.710309,accept,Accepted without filtering (fast mode)
hamstring_0028.mp4,hamstring,93.19,29.97,640.0,360.0,https://www.youtube.com/watch?v=RXFdi33nUAY,2026-07-15T16:38:11.727315,accept,Accepted without filtering (fast mode)
hamstring_0029.mp4,hamstring,62.66,29.97,640.0,360.0,https://www.youtube.com/watch?v=D2AKWsFutvc,2026-07-15T16:38:11.759640,accept,Accepted without filtering (fast mode)
hamstring_0030.mp4,hamstring,28.78,23.98,640.0,360.0,https://www.youtube.com/watch?v=NJv1hKZJsMY,2026-07-15T16:38:11.787306,accept,Accepted without filtering (fast mode)
hamstring_0031.mp4,hamstring,82.55,29.97,640.0,360.0,https://www.youtube.com/watch?v=WPOlEfZjI74,2026-07-15T16:38:11.838505,accept,Accepted without filtering (fast mode)
heel_slide_0050.mp4,heel_slide,58.93,29.97,640.0,360.0,https://www.youtube.com/watch?v=6-anByqnKp8,2026-07-15T16:38:18.818040,accept,Accepted without filtering (fast mode)
hip_0009.mp4,hip,47.71,23.98,640.0,360.0,https://www.youtube.com/watch?v=CP4LjhZ_Wq0,2026-07-15T16:38:31.363407,accept,Accepted without filtering (fast mode)
hip_0010.mp4,hip,110.04,29.97,640.0,360.0,https://www.youtube.com/watch?v=c2iV-5e3R38,2026-07-15T16:38:31.395647,accept,Accepted without filtering (fast mode)
hip_0011.mp4,hip,32.52,25.0,640.0,360.0,https://www.youtube.com/watch?v=Xp33YgPZgns,2026-07-15T16:38:31.418136,accept,Accepted without filtering (fast mode)
hip_0012.mp4,hip,62.27,23.98,640.0,360.0,https://www.youtube.com/watch?v=lxK9Rv9by_Q,2026-07-15T16:38:31.437887,accept,Accepted without filtering (fast mode)
hip_0013.mp4,hip,104.91,29.98,640.0,360.0,https://www.youtube.com/watch?v=FpUCB2b1oq0,2026-07-15T16:38:53.565806,accept,Accepted without filtering (fast mode)
hip_0014.mp4,hip,60.64,25.0,640.0,360.0,https://www.youtube.com/watch?v=t4Zz6-aG8Iw,2026-07-15T16:38:53.593541,accept,Accepted without filtering (fast mode)
hip_0015.mp4,hip,29.6,29.97,640.0,360.0,https://www.youtube.com/watch?v=qJjQLExAtD4,2026-07-15T16:38:53.614022,accept,Accepted without filtering (fast mode)
hip_0016.mp4,hip,114.57,23.98,640.0,360.0,https://www.youtube.com/watch?v=HaYhZ01GYVw,2026-07-15T16:38:53.638379,accept,Accepted without filtering (fast mode)
hip_0017.mp4,hip,13.28,29.97,640.0,360.0,https://www.youtube.com/watch?v=wfhXnLILqdk,2026-07-15T16:38:53.655373,accept,Accepted without filtering (fast mode)
hip_0018.mp4,hip,116.83,23.98,640.0,360.0,https://www.youtube.com/watch?v=K9qytmsQVu0,2026-07-15T16:38:53.700342,accept,Accepted without filtering (fast mode)
hip_0019.mp4,hip,100.03,29.97,640.0,360.0,https://www.youtube.com/watch?v=mTw27SjJxXs,2026-07-15T16:38:53.731978,accept,Accepted without filtering (fast mode)
hip_0020.mp4,hip,25.19,29.97,640.0,360.0,https://www.youtube.com/watch?v=u0AJnVg0tcc,2026-07-15T16:38:53.745715,accept,Accepted without filtering (fast mode)
hip_0021.mp4,hip,119.88,25.0,640.0,360.0,https://www.youtube.com/watch?v=lsdMydzOvRc,2026-07-15T16:39:04.683693,accept,Accepted without filtering (fast mode)
hip_0022.mp4,hip,97.73,30.0,640.0,360.0,https://www.youtube.com/watch?v=rKrdB-5R3C4,2026-07-15T16:39:04.700460,accept,Accepted without filtering (fast mode)
knee_0009.mp4,knee,97.89,23.98,640.0,360.0,https://www.youtube.com/watch?v=BgcGJ_kqLOY,2026-07-15T16:39:23.520824,accept,Accepted without filtering (fast mode)
knee_0010.mp4,knee,119.64,25.0,640.0,360.0,https://www.youtube.com/watch?v=XEHpYEVw3b0,2026-07-15T16:39:23.543477,accept,Accepted without filtering (fast mode)
knee_0011.mp4,knee,25.53,30.0,640.0,360.0,https://www.youtube.com/watch?v=HzgTjTIfjYc,2026-07-15T16:39:23.593832,accept,Accepted without filtering (fast mode)
knee_0012.mp4,knee,106.44,29.97,202.0,360.0,https://www.youtube.com/watch?v=zY8D03HP-Lg,2026-07-15T16:39:46.646742,accept,Accepted without filtering (fast mode)
knee_0013.mp4,knee,105.67,30.0,640.0,360.0,https://www.youtube.com/watch?v=8qhXhOiFuIg,2026-07-15T16:39:46.674610,accept,Accepted without filtering (fast mode)
knee_0014.mp4,knee,73.0,25.0,640.0,360.0,https://www.youtube.com/watch?v=iLRKbSesWA8,2026-07-15T16:39:46.720055,accept,Accepted without filtering (fast mode)
knee_0015.mp4,knee,9.61,29.97,640.0,360.0,https://www.youtube.com/watch?v=yVy4L0CGbyQ,2026-07-15T16:39:46.746646,accept,Accepted without filtering (fast mode)
knee_0016.mp4,knee,9.98,29.97,640.0,360.0,https://www.youtube.com/watch?v=v6_GqeEH_F0,2026-07-15T16:39:46.773277,accept,Accepted without filtering (fast mode)
knee_0017.mp4,knee,65.48,25.0,640.0,360.0,https://www.youtube.com/watch?v=dPf8_MgS1aI,2026-07-15T16:39:56.082313,accept,Accepted without filtering (fast mode)
knee_0018.mp4,knee,89.42,23.98,360.0,640.0,https://www.youtube.com/watch?v=mxDkIXmAHxI,2026-07-15T16:39:56.136771,accept,Accepted without filtering (fast mode)
knee_0019.mp4,knee,116.32,29.97,640.0,360.0,https://www.youtube.com/watch?v=EhZSS2qYrJ4,2026-07-15T16:40:08.781653,accept,Accepted without filtering (fast mode)
knee_0020.mp4,knee,38.34,29.97,640.0,360.0,https://www.youtube.com/watch?v=JL-2laWJIHY,2026-07-15T16:40:08.805938,accept,Accepted without filtering (fast mode)
knee_0021.mp4,knee,35.2,29.97,640.0,360.0,https://www.youtube.com/watch?v=nO81xJN9RhI,2026-07-15T16:40:08.826123,accept,Accepted without filtering (fast mode)
leg_raise_0040.mp4,leg_raise,44.9,30.0,640.0,360.0,https://www.youtube.com/watch?v=JMsqY_UegbM,2026-07-15T16:40:52.232121,accept,Accepted without filtering (fast mode)
leg_raise_0041.mp4,leg_raise,26.4,23.98,640.0,360.0,https://www.youtube.com/watch?v=qvi8aM02_GY,2026-07-15T16:40:52.257473,accept,Accepted without filtering (fast mode)
leg_raise_0042.mp4,leg_raise,28.71,29.95,640.0,360.0,https://www.youtube.com/watch?v=pirQvF0_-Bc,2026-07-15T16:40:52.283752,accept,Accepted without filtering (fast mode)
leg_raise_0043.mp4,leg_raise,47.88,23.98,640.0,360.0,https://www.youtube.com/watch?v=O6bVydlEigY,2026-07-15T16:40:52.297765,accept,Accepted without filtering (fast mode)
leg_raise_0044.mp4,leg_raise,108.61,29.97,640.0,360.0,https://www.youtube.com/watch?v=-52pJTfTRoE,2026-07-15T16:40:52.317271,accept,Accepted without filtering (fast mode)
leg_raise_0045.mp4,leg_raise,112.74,23.98,640.0,360.0,https://www.youtube.com/watch?v=gobteD5GWkE,2026-07-15T16:40:52.327904,accept,Accepted without filtering (fast mode)
leg_raise_0046.mp4,leg_raise,62.24,25.0,640.0,360.0,https://www.youtube.com/watch?v=pNismoYr1Fg,2026-07-15T16:40:52.349593,accept,Accepted without filtering (fast mode)
leg_raise_0047.mp4,leg_raise,83.29,23.98,640.0,360.0,https://www.youtube.com/watch?v=qwcXPFqtvDI,2026-07-15T16:40:52.370511,accept,Accepted without filtering (fast mode)
leg_raise_0048.mp4,leg_raise,101.67,29.97,640.0,360.0,https://www.youtube.com/watch?v=o8jh88r2ce4,2026-07-15T16:40:52.396296,accept,Accepted without filtering (fast mode)
leg_raise_0049.mp4,leg_raise,77.84,29.97,640.0,360.0,https://www.youtube.com/watch?v=zo2pqw794B0,2026-07-15T16:40:52.425253,accept,Accepted without filtering (fast mode)
leg_raise_0050.mp4,leg_raise,15.18,23.98,640.0,360.0,https://www.youtube.com/watch?v=O-m_M9-qlIY,2026-07-15T16:40:52.449241,accept,Accepted without filtering (fast mode)
quadriceps_0025.mp4,quadriceps,85.62,29.97,640.0,360.0,https://www.youtube.com/watch?v=QFQZKj0vFdQ,2026-07-15T16:41:32.987024,accept,Accepted without filtering (fast mode)
quadriceps_0026.mp4,quadriceps,47.78,29.97,640.0,360.0,https://www.youtube.com/watch?v=IF5eDfb8afM,2026-07-15T16:41:33.003570,accept,Accepted without filtering (fast mode)
quadriceps_0027.mp4,quadriceps,34.03,23.98,640.0,360.0,https://www.youtube.com/watch?v=au62CidApd0,2026-07-15T16:41:33.030980,accept,Accepted without filtering (fast mode)
quadriceps_0028.mp4,quadriceps,81.05,29.97,640.0,360.0,https://www.youtube.com/watch?v=_UAFlY20UQE,2026-07-15T16:41:33.058673,accept,Accepted without filtering (fast mode)
quadriceps_0029.mp4,quadriceps,119.89,29.97,640.0,360.0,https://www.youtube.com/watch?v=a3-jeDcdAEk,2026-07-15T16:41:33.125356,accept,Accepted without filtering (fast mode)
quadriceps_0030.mp4,quadriceps,33.6,30.0,640.0,360.0,https://www.youtube.com/watch?v=HscSsKwohoQ,2026-07-15T16:41:33.144682,accept,Accepted without filtering (fast mode)
quadriceps_0031.mp4,quadriceps,56.97,23.98,640.0,360.0,https://www.youtube.com/watch?v=5TUK4uT2nnw,2026-07-15T16:41:33.170537,accept,Accepted without filtering (fast mode)
quadriceps_0032.mp4,quadriceps,41.24,29.97,640.0,360.0,https://www.youtube.com/watch?v=cP8wRV4eFKo,2026-07-15T16:41:33.187941,accept,Accepted without filtering (fast mode)
quadriceps_0033.mp4,quadriceps,105.43,30.0,640.0,360.0,https://www.youtube.com/watch?v=ZVr61sYkSHo,2026-07-15T16:41:33.226389,accept,Accepted without filtering (fast mode)
quadriceps_0034.mp4,quadriceps,90.84,23.98,640.0,360.0,https://www.youtube.com/watch?v=1GekKFQUjKQ,2026-07-15T16:41:33.244431,accept,Accepted without filtering (fast mode)
quadriceps_0035.mp4,quadriceps,88.23,30.0,640.0,360.0,https://www.youtube.com/watch?v=eQDiT1bSJP0,2026-07-15T16:41:33.271102,accept,Accepted without filtering (fast mode)
quadriceps_0036.mp4,quadriceps,74.73,15.0,540.0,360.0,https://www.youtube.com/watch?v=0UlGdT8EE0Y,2026-07-15T16:41:33.291800,accept,Accepted without filtering (fast mode)
quadriceps_0037.mp4,quadriceps,116.8,30.0,360.0,360.0,https://www.youtube.com/watch?v=Cqq6LwLaXp4,2026-07-15T16:41:33.327171,accept,Accepted without filtering (fast mode)
quadriceps_0038.mp4,quadriceps,46.12,25.0,640.0,360.0,https://www.youtube.com/watch?v=DLVfp-SULNQ,2026-07-15T16:41:33.347974,accept,Accepted without filtering (fast mode)
quadriceps_0039.mp4,quadriceps,52.64,25.0,480.0,360.0,https://www.youtube.com/watch?v=fs1RUEShb68,2026-07-15T16:42:02.783731,accept,Accepted without filtering (fast mode)
quadriceps_0040.mp4,quadriceps,116.53,23.98,640.0,360.0,https://www.youtube.com/watch?v=k7Ot1aGjbq0,2026-07-15T16:42:02.853440,accept,Accepted without filtering (fast mode)
quadriceps_0041.mp4,quadriceps,11.63,30.0,640.0,360.0,https://www.youtube.com/watch?v=wQQmXONwxDg,2026-07-15T16:42:02.888640,accept,Accepted without filtering (fast mode)
quadriceps_0042.mp4,quadriceps,50.8,25.0,640.0,360.0,https://www.youtube.com/watch?v=ebvdzEcpva0,2026-07-15T16:42:02.938967,accept,Accepted without filtering (fast mode)
toes_0033.mp4,toes,24.22,29.97,540.0,360.0,https://www.youtube.com/watch?v=W6q_OJDCjfw,2026-07-15T16:42:58.609763,accept,Accepted without filtering (fast mode)
toes_0034.mp4,toes,100.8,30.0,640.0,360.0,https://www.youtube.com/watch?v=AXSj_5pBAKw,2026-07-15T16:42:58.650347,accept,Accepted without filtering (fast mode)
toes_0035.mp4,toes,10.68,29.97,640.0,360.0,https://www.youtube.com/watch?v=kcvjOSqIyWY,2026-07-15T16:42:58.679490,accept,Accepted without filtering (fast mode)
toes_0036.mp4,toes,64.46,29.97,640.0,360.0,https://www.youtube.com/watch?v=PDdFm_ttD2c,2026-07-15T16:42:58.721265,accept,Accepted without filtering (fast mode)
toes_0037.mp4,toes,78.18,29.97,640.0,360.0,https://www.youtube.com/watch?v=Toumwj8KuL0,2026-07-15T16:42:58.759205,accept,Accepted without filtering (fast mode)
toes_0038.mp4,toes,20.49,29.97,540.0,360.0,https://www.youtube.com/watch?v=TsnWYFlk-zs,2026-07-15T16:42:58.776012,accept,Accepted without filtering (fast mode)
toes_0039.mp4,toes,74.57,29.97,640.0,360.0,https://www.youtube.com/watch?v=uxC2WCdVuPI,2026-07-15T16:42:58.831118,accept,Accepted without filtering (fast mode)
toes_0040.mp4,toes,104.27,30.0,640.0,360.0,https://www.youtube.com/watch?v=HpbUJAnkBJk,2026-07-15T16:42:58.850012,accept,Accepted without filtering (fast mode)
toes_0041.mp4,toes,61.46,29.97,640.0,360.0,https://www.youtube.com/watch?v=jbh9Wzt2Lfk,2026-07-15T16:42:58.867387,accept,Accepted without filtering (fast mode)
toes_0042.mp4,toes,84.82,29.97,640.0,360.0,https://www.youtube.com/watch?v=L6fy1quJDOk,2026-07-15T16:42:58.916773,accept,Accepted without filtering (fast mode)
toes_0043.mp4,toes,89.08,25.0,640.0,360.0,https://www.youtube.com/watch?v=eRCrbUM1BWQ,2026-07-15T16:42:58.947001,accept,Accepted without filtering (fast mode)
toes_0044.mp4,toes,33.4,25.0,640.0,360.0,https://www.youtube.com/watch?v=DnPpm_VKqhI,2026-07-15T16:42:58.963954,accept,Accepted without filtering (fast mode)
toes_0045.mp4,toes,92.56,29.97,640.0,360.0,https://www.youtube.com/watch?v=GncdLDamLMI,2026-07-15T16:42:58.987341,accept,Accepted without filtering (fast mode)
toes_0046.mp4,toes,77.1,30.0,360.0,360.0,https://www.youtube.com/watch?v=S1UlZ5QTf8M,2026-07-15T16:42:59.019688,accept,Accepted without filtering (fast mode)
toes_0047.mp4,toes,105.6,30.0,640.0,360.0,https://www.youtube.com/watch?v=TrMCRmSaXMw,2026-07-15T16:43:11.327497,accept,Accepted without filtering (fast mode)
toes_0048.mp4,toes,61.3,30.0,640.0,360.0,https://www.youtube.com/watch?v=QVZpBSVV9js,2026-07-15T16:43:11.357110,accept,Accepted without filtering (fast mode)
toes_0049.mp4,toes,57.6,25.0,640.0,360.0,https://www.youtube.com/watch?v=fBK4qxJTn1k,2026-07-15T16:43:11.371523,accept,Accepted without filtering (fast mode)
ankle_0039.mp4,ankle,19.56,25.0,640.0,360.0,https://www.youtube.com/watch?v=v_zjz5mOvuY,2026-07-15T16:50:10.253207,accept,Accepted without filtering (fast mode)
ankle_0040.mp4,ankle,112.88,29.97,640.0,360.0,https://www.youtube.com/watch?v=z6PgwbzgB90,2026-07-15T16:50:10.275098,accept,Accepted without filtering (fast mode)
ankle_0041.mp4,ankle,29.6,29.97,640.0,360.0,https://www.youtube.com/watch?v=vHMJ0zgrsFU,2026-07-15T16:50:18.910548,accept,Accepted without filtering (fast mode)
ankle_0042.mp4,ankle,22.61,23.98,640.0,360.0,https://www.youtube.com/watch?v=KxfFzSOAT7g,2026-07-15T16:50:18.938950,accept,Accepted without filtering (fast mode)
ankle_0043.mp4,ankle,26.73,30.0,636.0,360.0,https://www.youtube.com/watch?v=D6pK_N_jZpQ,2026-07-15T16:50:25.377870,accept,Accepted without filtering (fast mode)
calf_0042.mp4,calf,107.15,23.98,640.0,360.0,https://www.youtube.com/watch?v=CtyIVeJH6lI,2026-07-15T16:50:34.324420,accept,Accepted without filtering (fast mode)
calf_0043.mp4,calf,45.32,28.55,640.0,360.0,https://www.youtube.com/watch?v=f87FUUwF64c,2026-07-15T16:50:34.342066,accept,Accepted without filtering (fast mode)
calf_0044.mp4,calf,61.37,30.0,640.0,360.0,https://www.youtube.com/watch?v=BxfKOyI8sUg,2026-07-15T16:50:34.359704,accept,Accepted without filtering (fast mode)
calf_0045.mp4,calf,77.4,30.0,640.0,360.0,https://www.youtube.com/watch?v=kVnp2-YH3k4,2026-07-15T16:50:47.842845,accept,Accepted without filtering (fast mode)
calf_0046.mp4,calf,78.3,30.0,640.0,360.0,https://www.youtube.com/watch?v=sJGKkP3F8Dg,2026-07-15T16:50:47.867704,accept,Accepted without filtering (fast mode)
calf_0047.mp4,calf,93.2,30.0,640.0,360.0,https://www.youtube.com/watch?v=C7qnbmpLNGI,2026-07-15T16:50:47.893867,accept,Accepted without filtering (fast mode)
calf_0048.mp4,calf,42.97,30.0,640.0,360.0,https://www.youtube.com/watch?v=oGm1lKBowvE,2026-07-15T16:50:54.584983,accept,Accepted without filtering (fast mode)
hamstring_0032.mp4,hamstring,86.15,29.97,640.0,360.0,https://www.youtube.com/watch?v=tmCVtFyQNsU,2026-07-15T16:51:04.184951,accept,Accepted without filtering (fast mode)
hamstring_0033.mp4,hamstring,53.4,30.0,640.0,360.0,https://www.youtube.com/watch?v=qQrqR0NBZ1E,2026-07-15T16:51:04.213391,accept,Accepted without filtering (fast mode)
hamstring_0034.mp4,hamstring,110.31,29.97,640.0,360.0,https://www.youtube.com/watch?v=Q65VQg5zt0Q,2026-07-15T16:51:04.241274,accept,Accepted without filtering (fast mode)
hamstring_0035.mp4,hamstring,37.24,29.97,640.0,360.0,https://www.youtube.com/watch?v=688epYF7WM0,2026-07-15T16:51:16.221217,accept,Accepted without filtering (fast mode)
hamstring_0036.mp4,hamstring,23.52,29.97,640.0,360.0,https://www.youtube.com/watch?v=DYzNacVSMaU,2026-07-15T16:51:16.256409,accept,Accepted without filtering (fast mode)
hamstring_0037.mp4,hamstring,37.16,25.0,640.0,360.0,https://www.youtube.com/watch?v=T_l0AyZywjU,2026-07-15T16:51:19.798048,accept,Accepted without filtering (fast mode)
hip_0023.mp4,hip,62.27,23.98,640.0,360.0,https://www.youtube.com/watch?v=lxK9Rv9by_Q,2026-07-15T16:51:24.248611,accept,Accepted without filtering (fast mode)
hip_0024.mp4,hip,29.6,29.97,640.0,360.0,https://www.youtube.com/watch?v=qJjQLExAtD4,2026-07-15T16:51:33.486405,accept,Accepted without filtering (fast mode)
hip_0025.mp4,hip,13.28,29.97,640.0,360.0,https://www.youtube.com/watch?v=wfhXnLILqdk,2026-07-15T16:51:33.503797,accept,Accepted without filtering (fast mode)
hip_0026.mp4,hip,116.83,23.98,640.0,360.0,https://www.youtube.com/watch?v=K9qytmsQVu0,2026-07-15T16:51:33.538231,accept,Accepted without filtering (fast mode)
hip_0027.mp4,hip,25.19,29.97,640.0,360.0,https://www.youtube.com/watch?v=u0AJnVg0tcc,2026-07-15T16:51:33.551290,accept,Accepted without filtering (fast mode)
hip_0028.mp4,hip,60.64,25.0,640.0,360.0,https://www.youtube.com/watch?v=t4Zz6-aG8Iw,2026-07-15T16:51:42.904719,accept,Accepted without filtering (fast mode)
hip_0029.mp4,hip,119.88,25.0,640.0,360.0,https://www.youtube.com/watch?v=lsdMydzOvRc,2026-07-15T16:51:42.925487,accept,Accepted without filtering (fast mode)
hip_0030.mp4,hip,97.73,30.0,640.0,360.0,https://www.youtube.com/watch?v=rKrdB-5R3C4,2026-07-15T16:51:42.943341,accept,Accepted without filtering (fast mode)
hip_0031.mp4,hip,115.8,25.0,640.0,360.0,https://www.youtube.com/watch?v=Xg2s8cBVQIA,2026-07-15T16:51:47.244001,accept,Accepted without filtering (fast mode)
knee_0022.mp4,knee,76.78,29.97,640.0,360.0,https://www.youtube.com/watch?v=rmHKbWKRvFA,2026-07-15T16:52:01.834822,accept,Accepted without filtering (fast mode)
knee_0023.mp4,knee,53.29,29.97,640.0,360.0,https://www.youtube.com/watch?v=4rFn8Z6iDRY,2026-07-15T16:52:01.862011,accept,Accepted without filtering (fast mode)
knee_0024.mp4,knee,42.11,29.97,640.0,360.0,https://www.youtube.com/watch?v=bLCDpFtJM1o,2026-07-15T16:52:01.883060,accept,Accepted without filtering (fast mode)
knee_0025.mp4,knee,119.64,25.0,640.0,360.0,https://www.youtube.com/watch?v=XEHpYEVw3b0,2026-07-15T16:52:01.908743,accept,Accepted without filtering (fast mode)
knee_0026.mp4,knee,31.63,30.0,640.0,360.0,https://www.youtube.com/watch?v=HGE8_co6Dn0,2026-07-15T16:52:01.927349,accept,Accepted without filtering (fast mode)
knee_0027.mp4,knee,105.67,30.0,640.0,360.0,https://www.youtube.com/watch?v=8qhXhOiFuIg,2026-07-15T16:52:15.966583,accept,Accepted without filtering (fast mode)
knee_0028.mp4,knee,32.88,25.0,640.0,360.0,https://www.youtube.com/watch?v=9EhHFemc8WQ,2026-07-15T16:52:15.994188,accept,Accepted without filtering (fast mode)
knee_0029.mp4,knee,73.0,25.0,640.0,360.0,https://www.youtube.com/watch?v=iLRKbSesWA8,2026-07-15T16:52:16.010361,accept,Accepted without filtering (fast mode)
knee_0030.mp4,knee,9.61,29.97,640.0,360.0,https://www.youtube.com/watch?v=yVy4L0CGbyQ,2026-07-15T16:52:16.045881,accept,Accepted without filtering (fast mode)
knee_0031.mp4,knee,9.98,29.97,640.0,360.0,https://www.youtube.com/watch?v=v6_GqeEH_F0,2026-07-15T16:52:16.091366,accept,Accepted without filtering (fast mode)
knee_0032.mp4,knee,65.48,25.0,640.0,360.0,https://www.youtube.com/watch?v=dPf8_MgS1aI,2026-07-15T16:52:22.715992,accept,Accepted without filtering (fast mode)
knee_0033.mp4,knee,116.32,29.97,640.0,360.0,https://www.youtube.com/watch?v=EhZSS2qYrJ4,2026-07-15T16:52:32.538261,accept,Accepted without filtering (fast mode)
knee_0034.mp4,knee,38.34,29.97,640.0,360.0,https://www.youtube.com/watch?v=JL-2laWJIHY,2026-07-15T16:52:32.563361,accept,Accepted without filtering (fast mode)
knee_0035.mp4,knee,35.2,29.97,640.0,360.0,https://www.youtube.com/watch?v=nO81xJN9RhI,2026-07-15T16:52:32.583595,accept,Accepted without filtering (fast mode)
quadriceps_0043.mp4,quadriceps,34.03,23.98,640.0,360.0,https://www.youtube.com/watch?v=au62CidApd0,2026-07-15T16:52:39.948545,accept,Accepted without filtering (fast mode)
quadriceps_0044.mp4,quadriceps,56.97,23.98,640.0,360.0,https://www.youtube.com/watch?v=5TUK4uT2nnw,2026-07-15T16:52:39.976026,accept,Accepted without filtering (fast mode)
quadriceps_0045.mp4,quadriceps,105.43,30.0,640.0,360.0,https://www.youtube.com/watch?v=ZVr61sYkSHo,2026-07-15T16:52:40.015561,accept,Accepted without filtering (fast mode)
quadriceps_0046.mp4,quadriceps,85.62,29.97,640.0,360.0,https://www.youtube.com/watch?v=QFQZKj0vFdQ,2026-07-15T16:52:49.868131,accept,Accepted without filtering (fast mode)
quadriceps_0047.mp4,quadriceps,50.8,25.0,640.0,360.0,https://www.youtube.com/watch?v=ebvdzEcpva0,2026-07-15T16:52:49.934743,accept,Accepted without filtering (fast mode)
ankle_0044.mp4,ankle,112.88,29.97,640.0,360.0,https://www.youtube.com/watch?v=z6PgwbzgB90,2026-07-15T16:53:25.607984,accept,Accepted without filtering (fast mode)
ankle_0045.mp4,ankle,21.93,30.0,640.0,360.0,https://www.youtube.com/watch?v=TI5qhU1gYWk,2026-07-15T16:53:32.698471,accept,Accepted without filtering (fast mode)
ankle_0046.mp4,ankle,29.6,29.97,640.0,360.0,https://www.youtube.com/watch?v=vHMJ0zgrsFU,2026-07-15T16:53:32.715568,accept,Accepted without filtering (fast mode)
ankle_0047.mp4,ankle,78.9,30.0,640.0,360.0,https://www.youtube.com/watch?v=Z4oiTKSBLKo,2026-07-15T16:53:32.743683,accept,Accepted without filtering (fast mode)
ankle_0048.mp4,ankle,26.73,30.0,636.0,360.0,https://www.youtube.com/watch?v=D6pK_N_jZpQ,2026-07-15T16:53:39.198309,accept,Accepted without filtering (fast mode)
calf_0049.mp4,calf,61.37,30.0,640.0,360.0,https://www.youtube.com/watch?v=BxfKOyI8sUg,2026-07-15T16:53:43.826630,accept,Accepted without filtering (fast mode)
calf_0050.mp4,calf,93.2,30.0,640.0,360.0,https://www.youtube.com/watch?v=C7qnbmpLNGI,2026-07-15T16:53:46.884735,accept,Accepted without filtering (fast mode)
hamstring_0038.mp4,hamstring,86.15,29.97,640.0,360.0,https://www.youtube.com/watch?v=tmCVtFyQNsU,2026-07-15T16:53:52.923702,accept,Accepted without filtering (fast mode)
hamstring_0039.mp4,hamstring,110.31,29.97,640.0,360.0,https://www.youtube.com/watch?v=Q65VQg5zt0Q,2026-07-15T16:53:52.953356,accept,Accepted without filtering (fast mode)
hamstring_0040.mp4,hamstring,23.52,29.97,640.0,360.0,https://www.youtube.com/watch?v=DYzNacVSMaU,2026-07-15T16:54:01.684010,accept,Accepted without filtering (fast mode)
hip_0032.mp4,hip,62.27,23.98,640.0,360.0,https://www.youtube.com/watch?v=lxK9Rv9by_Q,2026-07-15T16:54:08.213432,accept,Accepted without filtering (fast mode)
hip_0033.mp4,hip,71.41,29.95,640.0,360.0,https://www.youtube.com/watch?v=cb-wQDynOgo,2026-07-15T16:54:15.182976,accept,Accepted without filtering (fast mode)
hip_0034.mp4,hip,29.6,29.97,640.0,360.0,https://www.youtube.com/watch?v=qJjQLExAtD4,2026-07-15T16:54:15.204563,accept,Accepted without filtering (fast mode)
hip_0035.mp4,hip,13.28,29.97,640.0,360.0,https://www.youtube.com/watch?v=wfhXnLILqdk,2026-07-15T16:54:15.220628,accept,Accepted without filtering (fast mode)
hip_0036.mp4,hip,60.64,25.0,640.0,360.0,https://www.youtube.com/watch?v=t4Zz6-aG8Iw,2026-07-15T16:54:20.663967,accept,Accepted without filtering (fast mode)
hip_0037.mp4,hip,119.88,25.0,640.0,360.0,https://www.youtube.com/watch?v=lsdMydzOvRc,2026-07-15T16:54:20.684272,accept,Accepted without filtering (fast mode)
hip_0038.mp4,hip,115.8,25.0,640.0,360.0,https://www.youtube.com/watch?v=Xg2s8cBVQIA,2026-07-15T16:54:24.725476,accept,Accepted without filtering (fast mode)
knee_0036.mp4,knee,32.88,25.0,640.0,360.0,https://www.youtube.com/watch?v=9EhHFemc8WQ,2026-07-15T16:54:28.413875,accept,Accepted without filtering (fast mode)
knee_0037.mp4,knee,105.67,30.0,640.0,360.0,https://www.youtube.com/watch?v=8qhXhOiFuIg,2026-07-15T16:54:36.470731,accept,Accepted without filtering (fast mode)
knee_0038.mp4,knee,65.48,25.0,640.0,360.0,https://www.youtube.com/watch?v=dPf8_MgS1aI,2026-07-15T16:54:41.190395,accept,Accepted without filtering (fast mode)
knee_0039.mp4,knee,116.32,29.97,640.0,360.0,https://www.youtube.com/watch?v=EhZSS2qYrJ4,2026-07-15T16:54:48.098124,accept,Accepted without filtering (fast mode)
knee_0040.mp4,knee,38.34,29.97,640.0,360.0,https://www.youtube.com/watch?v=JL-2laWJIHY,2026-07-15T16:54:48.194210,accept,Accepted without filtering (fast mode)
quadriceps_0048.mp4,quadriceps,56.97,23.98,640.0,360.0,https://www.youtube.com/watch?v=5TUK4uT2nnw,2026-07-15T16:54:53.925652,accept,Accepted without filtering (fast mode)
quadriceps_0049.mp4,quadriceps,105.43,30.0,640.0,360.0,https://www.youtube.com/watch?v=ZVr61sYkSHo,2026-07-15T16:54:53.968360,accept,Accepted without filtering (fast mode)
ankle_0049.mp4,ankle,22.61,23.98,640.0,360.0,https://www.youtube.com/watch?v=KxfFzSOAT7g,2026-07-15T20:45:35.973898,accept,Accepted without filtering (fast mode)
ankle_0050.mp4,ankle,29.6,29.97,640.0,360.0,https://www.youtube.com/watch?v=vHMJ0zgrsFU,2026-07-15T20:45:43.180407,accept,Accepted without filtering (fast mode)
hamstring_0041.mp4,hamstring,86.15,29.97,640.0,360.0,https://www.youtube.com/watch?v=tmCVtFyQNsU,2026-07-15T20:45:59.901782,accept,Accepted without filtering (fast mode)
hamstring_0042.mp4,hamstring,110.31,29.97,640.0,360.0,https://www.youtube.com/watch?v=Q65VQg5zt0Q,2026-07-15T20:45:59.931496,accept,Accepted without filtering (fast mode)
hip_0039.mp4,hip,29.6,29.97,640.0,360.0,https://www.youtube.com/watch?v=qJjQLExAtD4,2026-07-15T20:46:27.916198,accept,Accepted without filtering (fast mode)
hip_0040.mp4,hip,13.28,29.97,640.0,360.0,https://www.youtube.com/watch?v=wfhXnLILqdk,2026-07-15T20:46:27.934533,accept,Accepted without filtering (fast mode)
hip_0041.mp4,hip,32.52,25.0,640.0,360.0,https://www.youtube.com/watch?v=Xp33YgPZgns,2026-07-15T20:46:27.947002,accept,Accepted without filtering (fast mode)
hip_0042.mp4,hip,60.64,25.0,640.0,360.0,https://www.youtube.com/watch?v=t4Zz6-aG8Iw,2026-07-15T20:46:38.198179,accept,Accepted without filtering (fast mode)
knee_0041.mp4,knee,32.88,25.0,640.0,360.0,https://www.youtube.com/watch?v=9EhHFemc8WQ,2026-07-15T20:46:47.714217,accept,Accepted without filtering (fast mode)
knee_0042.mp4,knee,105.67,30.0,640.0,360.0,https://www.youtube.com/watch?v=8qhXhOiFuIg,2026-07-15T20:46:59.199594,accept,Accepted without filtering (fast mode)
quadriceps_0050.mp4,quadriceps,81.05,29.97,640.0,360.0,https://www.youtube.com/watch?v=_UAFlY20UQE,2026-07-15T20:47:16.827178,accept,Accepted without filtering (fast mode)
toes_0050.mp4,toes,61.3,30.0,640.0,360.0,https://www.youtube.com/watch?v=QVZpBSVV9js,2026-07-15T20:47:23.030653,accept,Accepted without filtering (fast mode)
hamstring_0043.mp4,hamstring,37.24,29.97,640.0,360.0,https://www.youtube.com/watch?v=688epYF7WM0,2026-07-15T20:54:21.524490,accept,Accepted without filtering (fast mode)
hamstring_0044.mp4,hamstring,86.15,29.97,640.0,360.0,https://www.youtube.com/watch?v=tmCVtFyQNsU,2026-07-15T20:54:21.553534,accept,Accepted without filtering (fast mode)
hamstring_0045.mp4,hamstring,110.31,29.97,640.0,360.0,https://www.youtube.com/watch?v=Q65VQg5zt0Q,2026-07-15T20:54:21.582971,accept,Accepted without filtering (fast mode)
hamstring_0046.mp4,hamstring,24.92,29.97,480.0,360.0,https://www.youtube.com/watch?v=4qwqEHFIjzc,2026-07-15T20:54:37.923050,accept,Accepted without filtering (fast mode)
hamstring_0047.mp4,hamstring,28.78,23.98,640.0,360.0,https://www.youtube.com/watch?v=NJv1hKZJsMY,2026-07-15T20:54:37.957758,accept,Accepted without filtering (fast mode)
hamstring_0048.mp4,hamstring,23.52,29.97,640.0,360.0,https://www.youtube.com/watch?v=DYzNacVSMaU,2026-07-15T20:54:37.971178,accept,Accepted without filtering (fast mode)
hip_0043.mp4,hip,29.6,29.97,640.0,360.0,https://www.youtube.com/watch?v=qJjQLExAtD4,2026-07-15T20:54:45.365249,accept,Accepted without filtering (fast mode)
hip_0044.mp4,hip,60.64,25.0,640.0,360.0,https://www.youtube.com/watch?v=t4Zz6-aG8Iw,2026-07-15T20:54:51.319619,accept,Accepted without filtering (fast mode)
hip_0045.mp4,hip,115.8,25.0,640.0,360.0,https://www.youtube.com/watch?v=Xg2s8cBVQIA,2026-07-15T20:54:58.136292,accept,Accepted without filtering (fast mode)
knee_0043.mp4,knee,38.34,29.97,640.0,360.0,https://www.youtube.com/watch?v=JL-2laWJIHY,2026-07-15T20:55:11.230816,accept,Accepted without filtering (fast mode)
ankle_0031.mp4,ankle,14.2,25.0,640.0,360.0,https://www.youtube.com/watch?v=fpjIrC4ig4A,2026-07-16T21:35:02.513922,accept,Accepted without filtering (fast mode)
ankle_0032.mp4,ankle,45.32,28.55,640.0,360.0,https://www.youtube.com/watch?v=f87FUUwF64c,2026-07-16T21:35:02.532577,accept,Accepted without filtering (fast mode)
ankle_0033.mp4,ankle,29.6,29.97,640.0,360.0,https://www.youtube.com/watch?v=vHMJ0zgrsFU,2026-07-16T21:35:02.553819,accept,Accepted without filtering (fast mode)
ankle_0034.mp4,ankle,19.56,25.0,640.0,360.0,https://www.youtube.com/watch?v=v_zjz5mOvuY,2026-07-16T21:35:02.575100,accept,Accepted without filtering (fast mode)
ankle_0035.mp4,ankle,22.61,23.98,640.0,360.0,https://www.youtube.com/watch?v=KxfFzSOAT7g,2026-07-16T21:35:02.611399,accept,Accepted without filtering (fast mode)
ankle_0036.mp4,ankle,112.88,29.97,640.0,360.0,https://www.youtube.com/watch?v=z6PgwbzgB90,2026-07-16T21:35:02.640139,accept,Accepted without filtering (fast mode)
ankle_0037.mp4,ankle,61.37,30.0,640.0,360.0,https://www.youtube.com/watch?v=BxfKOyI8sUg,2026-07-16T21:35:02.659865,accept,Accepted without filtering (fast mode)
ankle_0038.mp4,ankle,41.68,25.0,640.0,360.0,https://www.youtube.com/watch?v=1NA0N8F0Nds,2026-07-16T21:35:25.080591,accept,Accepted without filtering (fast mode)
ankle_0039.mp4,ankle,69.36,25.0,640.0,360.0,https://www.youtube.com/watch?v=eJOwsFeLdik,2026-07-16T21:35:25.104407,accept,Accepted without filtering (fast mode)
ankle_0040.mp4,ankle,94.24,25.0,640.0,360.0,https://www.youtube.com/watch?v=rqiqjaxyIJw,2026-07-16T21:35:25.177295,accept,Accepted without filtering (fast mode)
ankle_0041.mp4,ankle,26.73,30.0,636.0,360.0,https://www.youtube.com/watch?v=D6pK_N_jZpQ,2026-07-16T21:35:37.161135,accept,Accepted without filtering (fast mode)
calf_0029.mp4,calf,60.47,30.0,640.0,360.0,https://www.youtube.com/watch?v=Z-GUxMo-cgo,2026-07-16T21:37:03.031855,accept,Accepted without filtering (fast mode)
calf_0030.mp4,calf,110.67,30.0,640.0,360.0,https://www.youtube.com/watch?v=jm1nEhCi4II,2026-07-16T21:37:03.060465,accept,Accepted without filtering (fast mode)
calf_0031.mp4,calf,71.2,30.0,640.0,360.0,https://www.youtube.com/watch?v=usQDLsgsMx4,2026-07-16T21:37:03.090036,accept,Accepted without filtering (fast mode)
calf_0032.mp4,calf,107.15,23.98,640.0,360.0,https://www.youtube.com/watch?v=CtyIVeJH6lI,2026-07-16T21:37:03.119579,accept,Accepted without filtering (fast mode)
calf_0033.mp4,calf,63.73,29.97,640.0,360.0,https://www.youtube.com/watch?v=PYwXfuxA4lI,2026-07-16T21:37:03.155845,accept,Accepted without filtering (fast mode)
calf_0034.mp4,calf,77.4,30.0,640.0,360.0,https://www.youtube.com/watch?v=kVnp2-YH3k4,2026-07-16T21:37:03.185663,accept,Accepted without filtering (fast mode)
calf_0035.mp4,calf,38.84,29.97,640.0,360.0,https://www.youtube.com/watch?v=aZh9tCFh46o,2026-07-16T21:37:03.231374,accept,Accepted without filtering (fast mode)
calf_0036.mp4,calf,53.76,23.98,640.0,360.0,https://www.youtube.com/watch?v=Kt9wkCOv5RY,2026-07-16T21:37:03.252069,accept,Accepted without filtering (fast mode)
calf_0037.mp4,calf,78.3,30.0,640.0,360.0,https://www.youtube.com/watch?v=sJGKkP3F8Dg,2026-07-16T21:37:03.280237,accept,Accepted without filtering (fast mode)
calf_0038.mp4,calf,60.24,25.0,360.0,640.0,https://www.youtube.com/watch?v=-vaYxummkzY,2026-07-16T21:37:03.285337,accept,Accepted without filtering (fast mode)
calf_0039.mp4,calf,114.95,23.98,640.0,360.0,https://www.youtube.com/watch?v=mpo0f0xsgPU,2026-07-16T21:37:03.305018,accept,Accepted without filtering (fast mode)
calf_0040.mp4,calf,93.2,30.0,640.0,360.0,https://www.youtube.com/watch?v=C7qnbmpLNGI,2026-07-16T21:37:03.339056,accept,Accepted without filtering (fast mode)
calf_0041.mp4,calf,42.97,30.0,640.0,360.0,https://www.youtube.com/watch?v=oGm1lKBowvE,2026-07-16T21:37:22.606000,accept,Accepted without filtering (fast mode)
calf_0042.mp4,calf,107.17,30.0,640.0,360.0,https://www.youtube.com/watch?v=PZqW_9Jv1rk,2026-07-16T21:37:22.648374,accept,Accepted without filtering (fast mode)
hamstring_0021.mp4,hamstring,24.92,29.97,480.0,360.0,https://www.youtube.com/watch?v=4qwqEHFIjzc,2026-07-16T21:38:09.033380,accept,Accepted without filtering (fast mode)
hamstring_0022.mp4,hamstring,37.24,29.97,640.0,360.0,https://www.youtube.com/watch?v=688epYF7WM0,2026-07-16T21:38:09.071109,accept,Accepted without filtering (fast mode)
hamstring_0023.mp4,hamstring,32.88,25.0,640.0,360.0,https://www.youtube.com/watch?v=9EhHFemc8WQ,2026-07-16T21:38:09.091931,accept,Accepted without filtering (fast mode)
hamstring_0024.mp4,hamstring,93.13,23.98,640.0,360.0,https://www.youtube.com/watch?v=ibp8k6O7j0c,2026-07-16T21:38:09.118755,accept,Accepted without filtering (fast mode)
hamstring_0025.mp4,hamstring,86.15,29.97,640.0,360.0,https://www.youtube.com/watch?v=tmCVtFyQNsU,2026-07-16T21:38:09.150020,accept,Accepted without filtering (fast mode)
hamstring_0026.mp4,hamstring,82.55,29.97,640.0,360.0,https://www.youtube.com/watch?v=WPOlEfZjI74,2026-07-16T21:38:09.180546,accept,Accepted without filtering (fast mode)
hamstring_0027.mp4,hamstring,53.4,30.0,640.0,360.0,https://www.youtube.com/watch?v=qQrqR0NBZ1E,2026-07-16T21:38:09.214243,accept,Accepted without filtering (fast mode)
hamstring_0028.mp4,hamstring,59.89,29.97,640.0,360.0,https://www.youtube.com/watch?v=6KZm1eebjcc,2026-07-16T21:38:09.234869,accept,Accepted without filtering (fast mode)
hamstring_0029.mp4,hamstring,110.31,29.97,640.0,360.0,https://www.youtube.com/watch?v=Q65VQg5zt0Q,2026-07-16T21:38:09.268924,accept,Accepted without filtering (fast mode)
hamstring_0030.mp4,hamstring,48.31,29.97,640.0,360.0,https://www.youtube.com/watch?v=Q4_TmIekeZ8,2026-07-16T21:39:10.053157,accept,Accepted without filtering (fast mode)
hamstring_0031.mp4,hamstring,93.19,29.97,640.0,360.0,https://www.youtube.com/watch?v=RXFdi33nUAY,2026-07-16T21:39:10.083847,accept,Accepted without filtering (fast mode)
hamstring_0032.mp4,hamstring,34.97,30.0,640.0,360.0,https://www.youtube.com/watch?v=Nzy6_F9s6QI,2026-07-16T21:39:10.129291,accept,Accepted without filtering (fast mode)
hamstring_0033.mp4,hamstring,53.57,30.0,640.0,360.0,https://www.youtube.com/watch?v=V0yDlgRhDh8,2026-07-16T21:39:10.156977,accept,Accepted without filtering (fast mode)
hamstring_0034.mp4,hamstring,23.52,29.97,640.0,360.0,https://www.youtube.com/watch?v=DYzNacVSMaU,2026-07-16T21:39:10.172927,accept,Accepted without filtering (fast mode)
hamstring_0035.mp4,hamstring,37.16,25.0,640.0,360.0,https://www.youtube.com/watch?v=T_l0AyZywjU,2026-07-16T21:39:15.401261,accept,Accepted without filtering (fast mode)
heel_slide_0048.mp4,heel_slide,61.27,29.31,640.0,360.0,https://www.youtube.com/watch?v=2UyaqHsuX14,2026-07-16T21:39:53.908693,accept,Accepted without filtering (fast mode)
heel_slide_0049.mp4,heel_slide,52.79,29.97,640.0,360.0,https://www.youtube.com/watch?v=ZtyWGE3HEgA,2026-07-16T21:39:53.929938,accept,Accepted without filtering (fast mode)
heel_slide_0050.mp4,heel_slide,65.48,25.0,640.0,360.0,https://www.youtube.com/watch?v=dPf8_MgS1aI,2026-07-16T21:39:53.952745,accept,Accepted without filtering (fast mode)
hip_0017.mp4,hip,110.04,29.97,640.0,360.0,https://www.youtube.com/watch?v=c2iV-5e3R38,2026-07-16T21:40:11.657685,accept,Accepted without filtering (fast mode)
hip_0018.mp4,hip,32.52,25.0,640.0,360.0,https://www.youtube.com/watch?v=Xp33YgPZgns,2026-07-16T21:40:11.685477,accept,Accepted without filtering (fast mode)
hip_0019.mp4,hip,62.27,23.98,640.0,360.0,https://www.youtube.com/watch?v=lxK9Rv9by_Q,2026-07-16T21:40:11.709847,accept,Accepted without filtering (fast mode)
hip_0020.mp4,hip,104.91,29.98,640.0,360.0,https://www.youtube.com/watch?v=FpUCB2b1oq0,2026-07-16T21:40:35.282832,accept,Accepted without filtering (fast mode)
hip_0021.mp4,hip,29.6,29.97,640.0,360.0,https://www.youtube.com/watch?v=qJjQLExAtD4,2026-07-16T21:40:35.304225,accept,Accepted without filtering (fast mode)
hip_0022.mp4,hip,13.28,29.97,640.0,360.0,https://www.youtube.com/watch?v=wfhXnLILqdk,2026-07-16T21:40:35.322140,accept,Accepted without filtering (fast mode)
hip_0023.mp4,hip,116.83,23.98,640.0,360.0,https://www.youtube.com/watch?v=K9qytmsQVu0,2026-07-16T21:40:35.357417,accept,Accepted without filtering (fast mode)
hip_0024.mp4,hip,100.03,29.97,640.0,360.0,https://www.youtube.com/watch?v=mTw27SjJxXs,2026-07-16T21:40:35.391341,accept,Accepted without filtering (fast mode)
hip_0025.mp4,hip,25.19,29.97,640.0,360.0,https://www.youtube.com/watch?v=u0AJnVg0tcc,2026-07-16T21:40:35.404787,accept,Accepted without filtering (fast mode)
hip_0026.mp4,hip,60.64,25.0,640.0,360.0,https://www.youtube.com/watch?v=t4Zz6-aG8Iw,2026-07-16T21:40:41.351967,accept,Accepted without filtering (fast mode)
hip_0027.mp4,hip,115.8,25.0,640.0,360.0,https://www.youtube.com/watch?v=Xg2s8cBVQIA,2026-07-16T21:40:48.929832,accept,Accepted without filtering (fast mode)
knee_0017.mp4,knee,119.64,25.0,640.0,360.0,https://www.youtube.com/watch?v=XEHpYEVw3b0,2026-07-16T21:41:00.185338,accept,Accepted without filtering (fast mode)
knee_0018.mp4,knee,106.44,29.97,202.0,360.0,https://www.youtube.com/watch?v=zY8D03HP-Lg,2026-07-16T21:41:23.396178,accept,Accepted without filtering (fast mode)
knee_0019.mp4,knee,105.67,30.0,640.0,360.0,https://www.youtube.com/watch?v=8qhXhOiFuIg,2026-07-16T21:41:23.420646,accept,Accepted without filtering (fast mode)
knee_0020.mp4,knee,73.0,25.0,640.0,360.0,https://www.youtube.com/watch?v=iLRKbSesWA8,2026-07-16T21:41:23.448734,accept,Accepted without filtering (fast mode)
knee_0021.mp4,knee,9.61,29.97,640.0,360.0,https://www.youtube.com/watch?v=yVy4L0CGbyQ,2026-07-16T21:41:23.474603,accept,Accepted without filtering (fast mode)
knee_0022.mp4,knee,9.98,29.97,640.0,360.0,https://www.youtube.com/watch?v=v6_GqeEH_F0,2026-07-16T21:41:23.502040,accept,Accepted without filtering (fast mode)
knee_0023.mp4,knee,89.42,23.98,360.0,640.0,https://www.youtube.com/watch?v=mxDkIXmAHxI,2026-07-16T21:41:36.566746,accept,Accepted without filtering (fast mode)
knee_0024.mp4,knee,53.29,29.97,640.0,360.0,https://www.youtube.com/watch?v=4rFn8Z6iDRY,2026-07-16T21:41:59.407768,accept,Accepted without filtering (fast mode)
knee_0025.mp4,knee,116.32,29.97,640.0,360.0,https://www.youtube.com/watch?v=EhZSS2qYrJ4,2026-07-16T21:41:59.433161,accept,Accepted without filtering (fast mode)
knee_0026.mp4,knee,38.34,29.97,640.0,360.0,https://www.youtube.com/watch?v=JL-2laWJIHY,2026-07-16T21:41:59.457330,accept,Accepted without filtering (fast mode)
knee_0027.mp4,knee,35.2,29.97,640.0,360.0,https://www.youtube.com/watch?v=nO81xJN9RhI,2026-07-16T21:41:59.480183,accept,Accepted without filtering (fast mode)
leg_raise_0041.mp4,leg_raise,90.26,29.97,640.0,360.0,https://www.youtube.com/watch?v=g_W6k-6QgKk,2026-07-16T21:43:16.376843,accept,Accepted without filtering (fast mode)
leg_raise_0042.mp4,leg_raise,44.9,30.0,640.0,360.0,https://www.youtube.com/watch?v=JMsqY_UegbM,2026-07-16T21:43:16.393874,accept,Accepted without filtering (fast mode)
leg_raise_0043.mp4,leg_raise,41.96,25.0,640.0,360.0,https://www.youtube.com/watch?v=d8BITjLpD1o,2026-07-16T21:43:16.408996,accept,Accepted without filtering (fast mode)
leg_raise_0044.mp4,leg_raise,26.4,23.98,640.0,360.0,https://www.youtube.com/watch?v=qvi8aM02_GY,2026-07-16T21:43:16.433039,accept,Accepted without filtering (fast mode)
leg_raise_0045.mp4,leg_raise,28.71,29.95,640.0,360.0,https://www.youtube.com/watch?v=pirQvF0_-Bc,2026-07-16T21:43:16.461060,accept,Accepted without filtering (fast mode)
leg_raise_0046.mp4,leg_raise,47.88,23.98,640.0,360.0,https://www.youtube.com/watch?v=O6bVydlEigY,2026-07-16T21:43:16.475773,accept,Accepted without filtering (fast mode)
leg_raise_0047.mp4,leg_raise,112.74,23.98,640.0,360.0,https://www.youtube.com/watch?v=gobteD5GWkE,2026-07-16T21:43:16.488083,accept,Accepted without filtering (fast mode)
leg_raise_0048.mp4,leg_raise,83.29,23.98,640.0,360.0,https://www.youtube.com/watch?v=qwcXPFqtvDI,2026-07-16T21:43:16.510208,accept,Accepted without filtering (fast mode)
leg_raise_0049.mp4,leg_raise,101.67,29.97,640.0,360.0,https://www.youtube.com/watch?v=o8jh88r2ce4,2026-07-16T21:43:16.536006,accept,Accepted without filtering (fast mode)
leg_raise_0050.mp4,leg_raise,77.84,29.97,640.0,360.0,https://www.youtube.com/watch?v=zo2pqw794B0,2026-07-16T21:43:16.566299,accept,Accepted without filtering (fast mode)
quadriceps_0027.mp4,quadriceps,85.62,29.97,640.0,360.0,https://www.youtube.com/watch?v=QFQZKj0vFdQ,2026-07-16T21:44:19.106812,accept,Accepted without filtering (fast mode)
quadriceps_0028.mp4,quadriceps,46.65,29.97,640.0,360.0,https://www.youtube.com/watch?v=Wqky4QQQ23c,2026-07-16T21:44:19.125108,accept,Accepted without filtering (fast mode)
quadriceps_0029.mp4,quadriceps,47.78,29.97,640.0,360.0,https://www.youtube.com/watch?v=IF5eDfb8afM,2026-07-16T21:44:19.143648,accept,Accepted without filtering (fast mode)
quadriceps_0030.mp4,quadriceps,34.03,23.98,640.0,360.0,https://www.youtube.com/watch?v=au62CidApd0,2026-07-16T21:44:19.172615,accept,Accepted without filtering (fast mode)
quadriceps_0031.mp4,quadriceps,81.05,29.97,640.0,360.0,https://www.youtube.com/watch?v=_UAFlY20UQE,2026-07-16T21:44:19.228575,accept,Accepted without filtering (fast mode)
quadriceps_0032.mp4,quadriceps,56.97,23.98,640.0,360.0,https://www.youtube.com/watch?v=5TUK4uT2nnw,2026-07-16T21:44:19.319106,accept,Accepted without filtering (fast mode)
quadriceps_0033.mp4,quadriceps,41.24,29.97,640.0,360.0,https://www.youtube.com/watch?v=cP8wRV4eFKo,2026-07-16T21:44:19.341418,accept,Accepted without filtering (fast mode)
quadriceps_0034.mp4,quadriceps,105.43,30.0,640.0,360.0,https://www.youtube.com/watch?v=ZVr61sYkSHo,2026-07-16T21:44:19.384305,accept,Accepted without filtering (fast mode)
quadriceps_0035.mp4,quadriceps,90.84,23.98,640.0,360.0,https://www.youtube.com/watch?v=1GekKFQUjKQ,2026-07-16T21:44:19.404147,accept,Accepted without filtering (fast mode)
quadriceps_0036.mp4,quadriceps,74.73,15.0,540.0,360.0,https://www.youtube.com/watch?v=0UlGdT8EE0Y,2026-07-16T21:44:19.427430,accept,Accepted without filtering (fast mode)
quadriceps_0037.mp4,quadriceps,116.8,30.0,360.0,360.0,https://www.youtube.com/watch?v=Cqq6LwLaXp4,2026-07-16T21:44:19.467207,accept,Accepted without filtering (fast mode)
quadriceps_0038.mp4,quadriceps,52.64,25.0,480.0,360.0,https://www.youtube.com/watch?v=fs1RUEShb68,2026-07-16T21:45:14.153632,accept,Accepted without filtering (fast mode)
quadriceps_0039.mp4,quadriceps,64.37,30.0,640.0,360.0,https://www.youtube.com/watch?v=GisCFNovp3o,2026-07-16T21:45:14.202428,accept,Accepted without filtering (fast mode)
quadriceps_0040.mp4,quadriceps,64.0,30.0,640.0,360.0,https://www.youtube.com/watch?v=EAC0XA4bCRQ,2026-07-16T21:45:14.267471,accept,Accepted without filtering (fast mode)
quadriceps_0041.mp4,quadriceps,116.53,23.98,640.0,360.0,https://www.youtube.com/watch?v=k7Ot1aGjbq0,2026-07-16T21:45:14.289702,accept,Accepted without filtering (fast mode)
quadriceps_0042.mp4,quadriceps,50.8,25.0,640.0,360.0,https://www.youtube.com/watch?v=ebvdzEcpva0,2026-07-16T21:45:14.391479,accept,Accepted without filtering (fast mode)
quadriceps_0043.mp4,quadriceps,52.36,25.0,640.0,360.0,https://www.youtube.com/watch?v=yxW-fIUjxyw,2026-07-16T21:45:37.556454,accept,Accepted without filtering (fast mode)
toes_0034.mp4,toes,110.98,29.97,640.0,360.0,https://www.youtube.com/watch?v=QFgtFRrWses,2026-07-16T21:46:49.396343,accept,Accepted without filtering (fast mode)
toes_0035.mp4,toes,64.46,29.97,640.0,360.0,https://www.youtube.com/watch?v=PDdFm_ttD2c,2026-07-16T21:46:49.443628,accept,Accepted without filtering (fast mode)
toes_0036.mp4,toes,49.12,29.97,640.0,360.0,https://www.youtube.com/watch?v=AfXcpsS8mqw,2026-07-16T21:46:49.465447,accept,Accepted without filtering (fast mode)
toes_0037.mp4,toes,74.57,29.97,640.0,360.0,https://www.youtube.com/watch?v=uxC2WCdVuPI,2026-07-16T21:46:49.541690,accept,Accepted without filtering (fast mode)
toes_0038.mp4,toes,104.27,30.0,640.0,360.0,https://www.youtube.com/watch?v=HpbUJAnkBJk,2026-07-16T21:46:49.563667,accept,Accepted without filtering (fast mode)
toes_0039.mp4,toes,100.0,29.97,640.0,360.0,https://www.youtube.com/watch?v=dVDMUuWtX00,2026-07-16T21:46:49.594647,accept,Accepted without filtering (fast mode)
toes_0040.mp4,toes,32.57,29.97,540.0,360.0,https://www.youtube.com/watch?v=wyYz4Rz-QG0,2026-07-16T21:46:49.615972,accept,Accepted without filtering (fast mode)
toes_0041.mp4,toes,37.4,29.97,640.0,358.0,https://www.youtube.com/watch?v=f1XRs5Qrha8,2026-07-16T21:46:49.635230,accept,Accepted without filtering (fast mode)
toes_0042.mp4,toes,61.46,29.97,640.0,360.0,https://www.youtube.com/watch?v=jbh9Wzt2Lfk,2026-07-16T21:46:49.657665,accept,Accepted without filtering (fast mode)
toes_0043.mp4,toes,84.82,29.97,640.0,360.0,https://www.youtube.com/watch?v=L6fy1quJDOk,2026-07-16T21:46:49.712102,accept,Accepted without filtering (fast mode)
toes_0044.mp4,toes,35.2,29.97,640.0,358.0,https://www.youtube.com/watch?v=dCTDryWp_mI,2026-07-16T21:46:49.745757,accept,Accepted without filtering (fast mode)
toes_0045.mp4,toes,89.08,25.0,640.0,360.0,https://www.youtube.com/watch?v=eRCrbUM1BWQ,2026-07-16T21:46:49.780931,accept,Accepted without filtering (fast mode)
toes_0046.mp4,toes,117.98,29.97,640.0,360.0,https://www.youtube.com/watch?v=V9P8uMzmJIg,2026-07-16T21:46:49.811614,accept,Accepted without filtering (fast mode)
toes_0047.mp4,toes,92.56,29.97,640.0,360.0,https://www.youtube.com/watch?v=GncdLDamLMI,2026-07-16T21:46:49.840371,accept,Accepted without filtering (fast mode)
toes_0048.mp4,toes,69.03,23.98,640.0,360.0,https://www.youtube.com/watch?v=4WNeayQ_3Sw,2026-07-16T21:46:49.863247,accept,Accepted without filtering (fast mode)
toes_0049.mp4,toes,105.6,30.0,640.0,360.0,https://www.youtube.com/watch?v=TrMCRmSaXMw,2026-07-16T21:46:55.768909,accept,Accepted without filtering (fast mode)
toes_0050.mp4,toes,61.3,30.0,640.0,360.0,https://www.youtube.com/watch?v=QVZpBSVV9js,2026-07-16T21:46:55.783952,accept,Accepted without filtering (fast mode)
